analysis,observable,unit,n_frames,mean,std,min,max,threshold,frames_below_threshold_%
distributions,D20_OD1-R32_HH12,Å,500,2.1801,0.4788,1.6021,5.0032,2.5000,76.8000
distributions,D20_OD2-R32_HH22,Å,500,2.1739,0.5638,1.5997,4.1588,2.5000,76.0000
distributions,D16_OD1-R32_HH21,Å,500,2.8281,1.0082,1.6228,6.0851,2.5000,53.0000
distributions,Y115_OH-R32_HH11,Å,500,3.4903,1.0127,1.8726,6.5680,2.5000,10.8000
distributions,TRH_O2P-S272_OG,Å,500,2.6624,0.1213,2.3732,3.1679,3.5000,100.0000
distributions,TRH_O4P-R265_HH21,Å,500,1.8174,0.1176,1.5785,2.5003,2.5000,99.8000
distributions,TRH_O3P-R265_HE,Å,500,2.0456,0.2249,1.6449,3.2647,2.5000,95.8000
distributions,E89_OE2-K55_NZ,Å,500,6.1633,2.5640,2.6739,14.6642,,
distributions,E114_OE3-K36_NZ,Å,500,3.2676,0.5449,2.5722,6.6974,,
distributions,TRH-F249,Å,500,3.9279,0.3648,3.3363,7.7901,,
distributions,TRH-F255,Å,500,4.1553,0.3331,3.3916,5.5438,,
