d_D20OD1_R414HH12,d_D20OD2_R414HH22,density,free_energy
1.9771,2.3258,0.0000,
2.0202,2.3258,0.0000,
2.0633,2.3258,0.0000,
2.1063,2.3258,0.0000,
2.1494,2.3258,0.0000,
2.1925,2.3258,0.0000,
2.2355,2.3258,0.0000,
2.2786,2.3258,0.0000,
2.3217,2.3258,0.0000,
2.3647,2.3258,0.0000,
2.4078,2.3258,0.0000,
2.4509,2.3258,0.0000,
2.4939,2.3258,0.0000,
2.5370,2.3258,0.0000,
2.5801,2.3258,0.0000,
2.6231,2.3258,0.0000,
2.6662,2.3258,0.0000,
2.7093,2.3258,0.0000,
2.7523,2.3258,0.0000,
2.7954,2.3258,0.0000,
2.8385,2.3258,0.0000,
2.8815,2.3258,0.0000,
2.9246,2.3258,0.0000,
2.9677,2.3258,0.0000,
3.0107,2.3258,0.0000,
3.0538,2.3258,0.0000,
3.0968,2.3258,0.0000,
3.1399,2.3258,0.0000,
3.1830,2.3258,0.0000,
3.2260,2.3258,0.0000,
3.2691,2.3258,0.0000,
3.3122,2.3258,0.5837,1.4814
3.3552,2.3258,0.0000,
3.3983,2.3258,0.0000,
3.4414,2.3258,0.0000,
3.4844,2.3258,1.1674,1.0682
3.5275,2.3258,0.0000,
3.5706,2.3258,0.0000,
1.9771,2.3656,0.0000,
2.0202,2.3656,0.0000,
2.0633,2.3656,0.0000,
2.1063,2.3656,0.0000,
2.1494,2.3656,0.0000,
2.1925,2.3656,0.0000,
2.2355,2.3656,0.0000,
2.2786,2.3656,0.0000,
2.3217,2.3656,0.0000,
2.3647,2.3656,0.0000,
2.4078,2.3656,0.0000,
2.4509,2.3656,0.0000,
2.4939,2.3656,0.0000,
2.5370,2.3656,0.0000,
2.5801,2.3656,0.0000,
2.6231,2.3656,0.0000,
2.6662,2.3656,0.0000,
2.7093,2.3656,0.0000,
2.7523,2.3656,0.0000,
2.7954,2.3656,0.0000,
2.8385,2.3656,0.0000,
2.8815,2.3656,0.0000,
2.9246,2.3656,0.0000,
2.9677,2.3656,0.0000,
3.0107,2.3656,0.0000,
3.0538,2.3656,0.0000,
3.0968,2.3656,0.0000,
3.1399,2.3656,0.0000,
3.1830,2.3656,0.0000,
3.2260,2.3656,0.0000,
3.2691,2.3656,0.0000,
3.3122,2.3656,0.0000,
3.3552,2.3656,0.0000,
3.3983,2.3656,0.0000,
3.4414,2.3656,0.0000,
3.4844,2.3656,0.0000,
3.5275,2.3656,0.0000,
3.5706,2.3656,0.0000,
1.9771,2.4053,0.0000,
2.0202,2.4053,0.0000,
2.0633,2.4053,0.0000,
2.1063,2.4053,0.0000,
2.1494,2.4053,0.0000,
2.1925,2.4053,0.0000,
2.2355,2.4053,0.0000,
2.2786,2.4053,0.0000,
2.3217,2.4053,0.0000,
2.3647,2.4053,0.0000,
2.4078,2.4053,0.0000,
2.4509,2.4053,0.0000,
2.4939,2.4053,0.0000,
2.5370,2.4053,0.0000,
2.5801,2.4053,0.0000,
2.6231,2.4053,0.0000,
2.6662,2.4053,0.0000,
2.7093,2.4053,0.0000,
2.7523,2.4053,0.0000,
2.7954,2.4053,0.0000,
2.8385,2.4053,0.0000,
2.8815,2.4053,0.0000,
2.9246,2.4053,0.0000,
2.9677,2.4053,0.0000,
3.0107,2.4053,0.0000,
3.0538,2.4053,0.0000,
3.0968,2.4053,0.0000,
3.1399,2.4053,0.0000,
3.1830,2.4053,0.0000,
3.2260,2.4053,0.0000,
3.2691,2.4053,0.0000,
3.3122,2.4053,0.0000,
3.3552,2.4053,0.0000,
3.3983,2.4053,0.0000,
3.4414,2.4053,0.0000,
3.4844,2.4053,0.0000,
3.5275,2.4053,0.0000,
3.5706,2.4053,0.0000,
1.9771,2.4451,0.0000,
2.0202,2.4451,0.0000,
2.0633,2.4451,0.0000,
2.1063,2.4451,0.0000,
2.1494,2.4451,0.0000,
2.1925,2.4451,0.0000,
2.2355,2.4451,0.0000,
2.2786,2.4451,0.0000,
2.3217,2.4451,0.0000,
2.3647,2.4451,0.0000,
2.4078,2.4451,0.0000,
2.4509,2.4451,0.0000,
2.4939,2.4451,0.0000,
2.5370,2.4451,0.0000,
2.5801,2.4451,0.0000,
2.6231,2.4451,0.0000,
2.6662,2.4451,0.0000,
2.7093,2.4451,0.0000,
2.7523,2.4451,0.0000,
2.7954,2.4451,0.0000,
2.8385,2.4451,0.0000,
2.8815,2.4451,0.0000,
2.9246,2.4451,0.0000,
2.9677,2.4451,0.0000,
3.0107,2.4451,0.0000,
3.0538,2.4451,0.0000,
3.0968,2.4451,0.0000,
3.1399,2.4451,0.0000,
3.1830,2.4451,0.0000,
3.2260,2.4451,0.0000,
3.2691,2.4451,0.0000,
3.3122,2.4451,0.0000,
3.3552,2.4451,0.0000,
3.3983,2.4451,0.0000,
3.4414,2.4451,0.0000,
3.4844,2.4451,0.5837,1.4814
3.5275,2.4451,0.0000,
3.5706,2.4451,0.0000,
1.9771,2.4849,0.0000,
2.0202,2.4849,0.0000,
2.0633,2.4849,0.0000,
2.1063,2.4849,0.0000,
2.1494,2.4849,0.0000,
2.1925,2.4849,0.0000,
2.2355,2.4849,0.0000,
2.2786,2.4849,0.0000,
2.3217,2.4849,0.0000,
2.3647,2.4849,0.0000,
2.4078,2.4849,0.0000,
2.4509,2.4849,0.0000,
2.4939,2.4849,0.0000,
2.5370,2.4849,0.0000,
2.5801,2.4849,0.0000,
2.6231,2.4849,0.0000,
2.6662,2.4849,0.0000,
2.7093,2.4849,0.0000,
2.7523,2.4849,0.0000,
2.7954,2.4849,0.0000,
2.8385,2.4849,0.0000,
2.8815,2.4849,0.0000,
2.9246,2.4849,0.0000,
2.9677,2.4849,0.0000,
3.0107,2.4849,0.0000,
3.0538,2.4849,0.0000,
3.0968,2.4849,0.0000,
3.1399,2.4849,0.0000,
3.1830,2.4849,0.0000,
3.2260,2.4849,0.5837,1.4814
3.2691,2.4849,0.0000,
3.3122,2.4849,0.0000,
3.3552,2.4849,0.5837,1.4814
3.3983,2.4849,0.0000,
3.4414,2.4849,0.0000,
3.4844,2.4849,0.0000,
3.5275,2.4849,0.0000,
3.5706,2.4849,0.0000,
1.9771,2.5247,0.0000,
2.0202,2.5247,0.0000,
2.0633,2.5247,0.0000,
2.1063,2.5247,0.0000,
2.1494,2.5247,0.0000,
2.1925,2.5247,0.0000,
2.2355,2.5247,0.0000,
2.2786,2.5247,0.0000,
2.3217,2.5247,0.0000,
2.3647,2.5247,0.0000,
2.4078,2.5247,0.0000,
2.4509,2.5247,0.0000,
2.4939,2.5247,0.0000,
2.5370,2.5247,0.0000,
2.5801,2.5247,0.0000,
2.6231,2.5247,0.0000,
2.6662,2.5247,0.0000,
2.7093,2.5247,0.0000,
2.7523,2.5247,0.0000,
2.7954,2.5247,0.0000,
2.8385,2.5247,0.0000,
2.8815,2.5247,0.0000,
2.9246,2.5247,1.1674,1.0682
2.9677,2.5247,0.0000,
3.0107,2.5247,0.0000,
3.0538,2.5247,0.0000,
3.0968,2.5247,0.0000,
3.1399,2.5247,0.5837,1.4814
3.1830,2.5247,0.5837,1.4814
3.2260,2.5247,0.0000,
3.2691,2.5247,0.0000,
3.3122,2.5247,0.0000,
3.3552,2.5247,0.0000,
3.3983,2.5247,0.0000,
3.4414,2.5247,0.0000,
3.4844,2.5247,0.0000,
3.5275,2.5247,0.0000,
3.5706,2.5247,0.0000,
1.9771,2.5645,0.0000,
2.0202,2.5645,0.0000,
2.0633,2.5645,0.0000,
2.1063,2.5645,0.0000,
2.1494,2.5645,0.0000,
2.1925,2.5645,0.0000,
2.2355,2.5645,0.0000,
2.2786,2.5645,0.0000,
2.3217,2.5645,0.0000,
2.3647,2.5645,0.0000,
2.4078,2.5645,0.0000,
2.4509,2.5645,0.0000,
2.4939,2.5645,0.0000,
2.5370,2.5645,0.0000,
2.5801,2.5645,0.0000,
2.6231,2.5645,0.0000,
2.6662,2.5645,0.0000,
2.7093,2.5645,0.0000,
2.7523,2.5645,0.0000,
2.7954,2.5645,0.0000,
2.8385,2.5645,0.0000,
2.8815,2.5645,0.0000,
2.9246,2.5645,1.1674,1.0682
2.9677,2.5645,1.1674,1.0682
3.0107,2.5645,1.1674,1.0682
3.0538,2.5645,0.5837,1.4814
3.0968,2.5645,0.0000,
3.1399,2.5645,0.0000,
3.1830,2.5645,0.0000,
3.2260,2.5645,0.0000,
3.2691,2.5645,1.1674,1.0682
3.3122,2.5645,0.0000,
3.3552,2.5645,0.0000,
3.3983,2.5645,0.5837,1.4814
3.4414,2.5645,0.0000,
3.4844,2.5645,0.0000,
3.5275,2.5645,0.0000,
3.5706,2.5645,0.0000,
1.9771,2.6042,0.0000,
2.0202,2.6042,0.0000,
2.0633,2.6042,0.0000,
2.1063,2.6042,0.0000,
2.1494,2.6042,0.0000,
2.1925,2.6042,0.0000,
2.2355,2.6042,0.0000,
2.2786,2.6042,0.0000,
2.3217,2.6042,0.0000,
2.3647,2.6042,0.0000,
2.4078,2.6042,0.0000,
2.4509,2.6042,0.0000,
2.4939,2.6042,0.0000,
2.5370,2.6042,0.0000,
2.5801,2.6042,0.0000,
2.6231,2.6042,0.5837,1.4814
2.6662,2.6042,0.0000,
2.7093,2.6042,0.0000,
2.7523,2.6042,0.0000,
2.7954,2.6042,0.0000,
2.8385,2.6042,0.0000,
2.8815,2.6042,0.5837,1.4814
2.9246,2.6042,0.0000,
2.9677,2.6042,1.7512,0.8265
3.0107,2.6042,0.0000,
3.0538,2.6042,1.1674,1.0682
3.0968,2.6042,0.5837,1.4814
3.1399,2.6042,1.7512,0.8265
3.1830,2.6042,0.0000,
3.2260,2.6042,0.0000,
3.2691,2.6042,0.0000,
3.3122,2.6042,0.5837,1.4814
3.3552,2.6042,0.0000,
3.3983,2.6042,0.0000,
3.4414,2.6042,0.0000,
3.4844,2.6042,0.0000,
3.5275,2.6042,0.0000,
3.5706,2.6042,0.0000,
1.9771,2.6440,0.0000,
2.0202,2.6440,0.0000,
2.0633,2.6440,0.0000,
2.1063,2.6440,0.0000,
2.1494,2.6440,0.0000,
2.1925,2.6440,0.0000,
2.2355,2.6440,0.0000,
2.2786,2.6440,0.0000,
2.3217,2.6440,0.0000,
2.3647,2.6440,0.0000,
2.4078,2.6440,0.0000,
2.4509,2.6440,0.0000,
2.4939,2.6440,0.0000,
2.5370,2.6440,0.0000,
2.5801,2.6440,0.0000,
2.6231,2.6440,0.0000,
2.6662,2.6440,0.0000,
2.7093,2.6440,0.0000,
2.7523,2.6440,0.5837,1.4814
2.7954,2.6440,0.5837,1.4814
2.8385,2.6440,0.0000,
2.8815,2.6440,1.1674,1.0682
2.9246,2.6440,0.0000,
2.9677,2.6440,0.0000,
3.0107,2.6440,0.5837,1.4814
3.0538,2.6440,0.5837,1.4814
3.0968,2.6440,1.7512,0.8265
3.1399,2.6440,0.0000,
3.1830,2.6440,0.5837,1.4814
3.2260,2.6440,0.5837,1.4814
3.2691,2.6440,0.0000,
3.3122,2.6440,0.0000,
3.3552,2.6440,0.0000,
3.3983,2.6440,0.0000,
3.4414,2.6440,0.0000,
3.4844,2.6440,0.0000,
3.5275,2.6440,0.0000,
3.5706,2.6440,0.5837,1.4814
1.9771,2.6838,0.0000,
2.0202,2.6838,0.0000,
2.0633,2.6838,0.0000,
2.1063,2.6838,0.0000,
2.1494,2.6838,0.0000,
2.1925,2.6838,0.0000,
2.2355,2.6838,0.0000,
2.2786,2.6838,0.0000,
2.3217,2.6838,0.0000,
2.3647,2.6838,0.0000,
2.4078,2.6838,0.0000,
2.4509,2.6838,0.0000,
2.4939,2.6838,0.0000,
2.5370,2.6838,0.0000,
2.5801,2.6838,0.0000,
2.6231,2.6838,0.0000,
2.6662,2.6838,0.0000,
2.7093,2.6838,0.0000,
2.7523,2.6838,0.0000,
2.7954,2.6838,0.5837,1.4814
2.8385,2.6838,0.0000,
2.8815,2.6838,1.1674,1.0682
2.9246,2.6838,0.5837,1.4814
2.9677,2.6838,1.7512,0.8265
3.0107,2.6838,1.1674,1.0682
3.0538,2.6838,1.7512,0.8265
3.0968,2.6838,1.1674,1.0682
3.1399,2.6838,1.7512,0.8265
3.1830,2.6838,0.0000,
3.2260,2.6838,0.0000,
3.2691,2.6838,0.0000,
3.3122,2.6838,1.1674,1.0682
3.3552,2.6838,0.5837,1.4814
3.3983,2.6838,0.0000,
3.4414,2.6838,0.0000,
3.4844,2.6838,0.0000,
3.5275,2.6838,0.0000,
3.5706,2.6838,0.0000,
1.9771,2.7236,0.0000,
2.0202,2.7236,0.0000,
2.0633,2.7236,0.0000,
2.1063,2.7236,0.0000,
2.1494,2.7236,0.0000,
2.1925,2.7236,0.0000,
2.2355,2.7236,0.0000,
2.2786,2.7236,0.0000,
2.3217,2.7236,0.0000,
2.3647,2.7236,0.0000,
2.4078,2.7236,0.0000,
2.4509,2.7236,0.0000,
2.4939,2.7236,0.0000,
2.5370,2.7236,0.0000,
2.5801,2.7236,0.0000,
2.6231,2.7236,0.0000,
2.6662,2.7236,0.5837,1.4814
2.7093,2.7236,1.1674,1.0682
2.7523,2.7236,1.1674,1.0682
2.7954,2.7236,0.0000,
2.8385,2.7236,1.1674,1.0682
2.8815,2.7236,1.1674,1.0682
2.9246,2.7236,1.1674,1.0682
2.9677,2.7236,0.5837,1.4814
3.0107,2.7236,2.9186,0.5219
3.0538,2.7236,1.1674,1.0682
3.0968,2.7236,0.5837,1.4814
3.1399,2.7236,0.0000,
3.1830,2.7236,0.0000,
3.2260,2.7236,0.5837,1.4814
3.2691,2.7236,0.5837,1.4814
3.3122,2.7236,0.5837,1.4814
3.3552,2.7236,0.0000,
3.3983,2.7236,0.0000,
3.4414,2.7236,0.0000,
3.4844,2.7236,0.0000,
3.5275,2.7236,0.0000,
3.5706,2.7236,0.0000,
1.9771,2.7634,0.0000,
2.0202,2.7634,0.0000,
2.0633,2.7634,0.0000,
2.1063,2.7634,0.0000,
2.1494,2.7634,0.0000,
2.1925,2.7634,0.0000,
2.2355,2.7634,0.0000,
2.2786,2.7634,0.0000,
2.3217,2.7634,0.0000,
2.3647,2.7634,0.0000,
2.4078,2.7634,0.0000,
2.4509,2.7634,0.0000,
2.4939,2.7634,0.0000,
2.5370,2.7634,0.0000,
2.5801,2.7634,0.5837,1.4814
2.6231,2.7634,0.0000,
2.6662,2.7634,0.5837,1.4814
2.7093,2.7634,1.1674,1.0682
2.7523,2.7634,0.5837,1.4814
2.7954,2.7634,0.5837,1.4814
2.8385,2.7634,0.5837,1.4814
2.8815,2.7634,2.3349,0.6550
2.9246,2.7634,1.1674,1.0682
2.9677,2.7634,1.7512,0.8265
3.0107,2.7634,1.7512,0.8265
3.0538,2.7634,1.1674,1.0682
3.0968,2.7634,0.5837,1.4814
3.1399,2.7634,1.7512,0.8265
3.1830,2.7634,0.5837,1.4814
3.2260,2.7634,0.0000,
3.2691,2.7634,0.0000,
3.3122,2.7634,0.0000,
3.3552,2.7634,0.0000,
3.3983,2.7634,0.0000,
3.4414,2.7634,0.0000,
3.4844,2.7634,0.0000,
3.5275,2.7634,0.0000,
3.5706,2.7634,0.0000,
1.9771,2.8031,0.0000,
2.0202,2.8031,0.0000,
2.0633,2.8031,0.0000,
2.1063,2.8031,0.0000,
2.1494,2.8031,0.0000,
2.1925,2.8031,0.0000,
2.2355,2.8031,0.0000,
2.2786,2.8031,0.0000,
2.3217,2.8031,0.0000,
2.3647,2.8031,0.0000,
2.4078,2.8031,0.0000,
2.4509,2.8031,0.0000,
2.4939,2.8031,0.0000,
2.5370,2.8031,0.0000,
2.5801,2.8031,0.0000,
2.6231,2.8031,0.0000,
2.6662,2.8031,1.1674,1.0682
2.7093,2.8031,0.0000,
2.7523,2.8031,1.7512,0.8265
2.7954,2.8031,0.5837,1.4814
2.8385,2.8031,2.9186,0.5219
2.8815,2.8031,0.5837,1.4814
2.9246,2.8031,1.7512,0.8265
2.9677,2.8031,2.3349,0.6550
3.0107,2.8031,3.5023,0.4132
3.0538,2.8031,2.9186,0.5219
3.0968,2.8031,2.3349,0.6550
3.1399,2.8031,1.1674,1.0682
3.1830,2.8031,1.7512,0.8265
3.2260,2.8031,2.3349,0.6550
3.2691,2.8031,0.5837,1.4814
3.3122,2.8031,0.0000,
3.3552,2.8031,0.5837,1.4814
3.3983,2.8031,0.0000,
3.4414,2.8031,0.0000,
3.4844,2.8031,0.0000,
3.5275,2.8031,0.0000,
3.5706,2.8031,0.0000,
1.9771,2.8429,0.0000,
2.0202,2.8429,0.0000,
2.0633,2.8429,0.0000,
2.1063,2.8429,0.0000,
2.1494,2.8429,0.0000,
2.1925,2.8429,0.0000,
2.2355,2.8429,0.0000,
2.2786,2.8429,0.0000,
2.3217,2.8429,0.0000,
2.3647,2.8429,0.0000,
2.4078,2.8429,0.0000,
2.4509,2.8429,0.0000,
2.4939,2.8429,0.0000,
2.5370,2.8429,0.5837,1.4814
2.5801,2.8429,0.0000,
2.6231,2.8429,0.0000,
2.6662,2.8429,0.5837,1.4814
2.7093,2.8429,0.0000,
2.7523,2.8429,1.7512,0.8265
2.7954,2.8429,2.3349,0.6550
2.8385,2.8429,4.6698,0.2417
2.8815,2.8429,3.5023,0.4132
2.9246,2.8429,2.9186,0.5219
2.9677,2.8429,4.6698,0.2417
3.0107,2.8429,1.7512,0.8265
3.0538,2.8429,2.3349,0.6550
3.0968,2.8429,1.7512,0.8265
3.1399,2.8429,0.5837,1.4814
3.1830,2.8429,0.0000,
3.2260,2.8429,0.0000,
3.2691,2.8429,0.0000,
3.3122,2.8429,0.0000,
3.3552,2.8429,1.1674,1.0682
3.3983,2.8429,0.0000,
3.4414,2.8429,0.0000,
3.4844,2.8429,0.0000,
3.5275,2.8429,0.0000,
3.5706,2.8429,0.0000,
1.9771,2.8827,0.0000,
2.0202,2.8827,0.0000,
2.0633,2.8827,0.0000,
2.1063,2.8827,0.0000,
2.1494,2.8827,0.0000,
2.1925,2.8827,0.0000,
2.2355,2.8827,0.0000,
2.2786,2.8827,0.0000,
2.3217,2.8827,0.0000,
2.3647,2.8827,0.0000,
2.4078,2.8827,0.0000,
2.4509,2.8827,0.0000,
2.4939,2.8827,0.0000,
2.5370,2.8827,0.0000,
2.5801,2.8827,1.1674,1.0682
2.6231,2.8827,0.0000,
2.6662,2.8827,1.7512,0.8265
2.7093,2.8827,0.5837,1.4814
2.7523,2.8827,2.9186,0.5219
2.7954,2.8827,4.0861,0.3213
2.8385,2.8827,2.9186,0.5219
2.8815,2.8827,4.6698,0.2417
2.9246,2.8827,4.0861,0.3213
2.9677,2.8827,0.5837,1.4814
3.0107,2.8827,3.5023,0.4132
3.0538,2.8827,2.9186,0.5219
3.0968,2.8827,1.7512,0.8265
3.1399,2.8827,0.0000,
3.1830,2.8827,0.0000,
3.2260,2.8827,0.0000,
3.2691,2.8827,0.0000,
3.3122,2.8827,0.5837,1.4814
3.3552,2.8827,0.0000,
3.3983,2.8827,0.0000,
3.4414,2.8827,0.0000,
3.4844,2.8827,0.0000,
3.5275,2.8827,0.0000,
3.5706,2.8827,0.0000,
1.9771,2.9225,0.0000,
2.0202,2.9225,0.0000,
2.0633,2.9225,0.0000,
2.1063,2.9225,0.0000,
2.1494,2.9225,0.0000,
2.1925,2.9225,0.0000,
2.2355,2.9225,0.5837,1.4814
2.2786,2.9225,0.0000,
2.3217,2.9225,0.0000,
2.3647,2.9225,0.0000,
2.4078,2.9225,0.0000,
2.4509,2.9225,0.0000,
2.4939,2.9225,0.0000,
2.5370,2.9225,0.5837,1.4814
2.5801,2.9225,1.1674,1.0682
2.6231,2.9225,0.5837,1.4814
2.6662,2.9225,2.3349,0.6550
2.7093,2.9225,2.3349,0.6550
2.7523,2.9225,5.8372,0.1087
2.7954,2.9225,5.8372,0.1087
2.8385,2.9225,4.6698,0.2417
2.8815,2.9225,2.9186,0.5219
2.9246,2.9225,4.0861,0.3213
2.9677,2.9225,2.3349,0.6550
3.0107,2.9225,2.9186,0.5219
3.0538,2.9225,1.1674,1.0682
3.0968,2.9225,1.7512,0.8265
3.1399,2.9225,1.1674,1.0682
3.1830,2.9225,1.1674,1.0682
3.2260,2.9225,0.5837,1.4814
3.2691,2.9225,0.5837,1.4814
3.3122,2.9225,0.0000,
3.3552,2.9225,0.0000,
3.3983,2.9225,0.0000,
3.4414,2.9225,0.0000,
3.4844,2.9225,0.0000,
3.5275,2.9225,0.0000,
3.5706,2.9225,0.0000,
1.9771,2.9623,0.0000,
2.0202,2.9623,0.0000,
2.0633,2.9623,0.0000,
2.1063,2.9623,0.0000,
2.1494,2.9623,0.0000,
2.1925,2.9623,0.0000,
2.2355,2.9623,0.0000,
2.2786,2.9623,0.0000,
2.3217,2.9623,0.0000,
2.3647,2.9623,0.0000,
2.4078,2.9623,0.0000,
2.4509,2.9623,0.0000,
2.4939,2.9623,0.0000,
2.5370,2.9623,0.0000,
2.5801,2.9623,1.1674,1.0682
2.6231,2.9623,0.5837,1.4814
2.6662,2.9623,1.1674,1.0682
2.7093,2.9623,5.2535,0.1715
2.7523,2.9623,2.3349,0.6550
2.7954,2.9623,3.5023,0.4132
2.8385,2.9623,2.3349,0.6550
2.8815,2.9623,2.9186,0.5219
2.9246,2.9623,4.0861,0.3213
2.9677,2.9623,6.4209,0.0519
3.0107,2.9623,1.1674,1.0682
3.0538,2.9623,1.1674,1.0682
3.0968,2.9623,1.7512,0.8265
3.1399,2.9623,0.5837,1.4814
3.1830,2.9623,0.5837,1.4814
3.2260,2.9623,0.0000,
3.2691,2.9623,0.0000,
3.3122,2.9623,0.0000,
3.3552,2.9623,0.0000,
3.3983,2.9623,0.0000,
3.4414,2.9623,0.0000,
3.4844,2.9623,0.0000,
3.5275,2.9623,0.0000,
3.5706,2.9623,0.0000,
1.9771,3.0020,0.0000,
2.0202,3.0020,0.0000,
2.0633,3.0020,0.0000,
2.1063,3.0020,0.0000,
2.1494,3.0020,0.0000,
2.1925,3.0020,0.0000,
2.2355,3.0020,0.0000,
2.2786,3.0020,0.0000,
2.3217,3.0020,0.0000,
2.3647,3.0020,0.0000,
2.4078,3.0020,0.5837,1.4814
2.4509,3.0020,0.0000,
2.4939,3.0020,0.0000,
2.5370,3.0020,0.0000,
2.5801,3.0020,4.0861,0.3213
2.6231,3.0020,1.7512,0.8265
2.6662,3.0020,4.0861,0.3213
2.7093,3.0020,1.7512,0.8265
2.7523,3.0020,3.5023,0.4132
2.7954,3.0020,5.2535,0.1715
2.8385,3.0020,6.4209,0.0519
2.8815,3.0020,4.6698,0.2417
2.9246,3.0020,0.5837,1.4814
2.9677,3.0020,2.3349,0.6550
3.0107,3.0020,2.9186,0.5219
3.0538,3.0020,0.5837,1.4814
3.0968,3.0020,0.0000,
3.1399,3.0020,1.1674,1.0682
3.1830,3.0020,0.0000,
3.2260,3.0020,1.1674,1.0682
3.2691,3.0020,0.0000,
3.3122,3.0020,0.5837,1.4814
3.3552,3.0020,0.0000,
3.3983,3.0020,0.0000,
3.4414,3.0020,0.0000,
3.4844,3.0020,0.0000,
3.5275,3.0020,0.0000,
3.5706,3.0020,0.0000,
1.9771,3.0418,0.0000,
2.0202,3.0418,0.0000,
2.0633,3.0418,0.0000,
2.1063,3.0418,0.0000,
2.1494,3.0418,0.0000,
2.1925,3.0418,0.0000,
2.2355,3.0418,0.0000,
2.2786,3.0418,0.0000,
2.3217,3.0418,0.0000,
2.3647,3.0418,0.0000,
2.4078,3.0418,0.0000,
2.4509,3.0418,0.0000,
2.4939,3.0418,1.7512,0.8265
2.5370,3.0418,1.1674,1.0682
2.5801,3.0418,1.7512,0.8265
2.6231,3.0418,3.5023,0.4132
2.6662,3.0418,4.6698,0.2417
2.7093,3.0418,4.6698,0.2417
2.7523,3.0418,2.3349,0.6550
2.7954,3.0418,4.0861,0.3213
2.8385,3.0418,2.3349,0.6550
2.8815,3.0418,4.0861,0.3213
2.9246,3.0418,1.1674,1.0682
2.9677,3.0418,1.7512,0.8265
3.0107,3.0418,0.5837,1.4814
3.0538,3.0418,0.5837,1.4814
3.0968,3.0418,1.1674,1.0682
3.1399,3.0418,0.5837,1.4814
3.1830,3.0418,1.7512,0.8265
3.2260,3.0418,0.0000,
3.2691,3.0418,0.0000,
3.3122,3.0418,0.0000,
3.3552,3.0418,0.0000,
3.3983,3.0418,0.0000,
3.4414,3.0418,0.0000,
3.4844,3.0418,0.0000,
3.5275,3.0418,0.0000,
3.5706,3.0418,0.0000,
1.9771,3.0816,0.0000,
2.0202,3.0816,0.0000,
2.0633,3.0816,0.0000,
2.1063,3.0816,0.0000,
2.1494,3.0816,0.0000,
2.1925,3.0816,0.0000,
2.2355,3.0816,0.5837,1.4814
2.2786,3.0816,0.0000,
2.3217,3.0816,0.0000,
2.3647,3.0816,0.5837,1.4814
2.4078,3.0816,1.1674,1.0682
2.4509,3.0816,0.0000,
2.4939,3.0816,0.0000,
2.5370,3.0816,1.1674,1.0682
2.5801,3.0816,5.2535,0.1715
2.6231,3.0816,2.9186,0.5219
2.6662,3.0816,5.8372,0.1087
2.7093,3.0816,4.6698,0.2417
2.7523,3.0816,6.4209,0.0519
2.7954,3.0816,2.3349,0.6550
2.8385,3.0816,2.9186,0.5219
2.8815,3.0816,1.1674,1.0682
2.9246,3.0816,2.9186,0.5219
2.9677,3.0816,2.9186,0.5219
3.0107,3.0816,0.5837,1.4814
3.0538,3.0816,1.1674,1.0682
3.0968,3.0816,0.5837,1.4814
3.1399,3.0816,0.0000,
3.1830,3.0816,1.1674,1.0682
3.2260,3.0816,0.0000,
3.2691,3.0816,0.0000,
3.3122,3.0816,0.0000,
3.3552,3.0816,0.0000,
3.3983,3.0816,0.0000,
3.4414,3.0816,0.0000,
3.4844,3.0816,0.0000,
3.5275,3.0816,0.0000,
3.5706,3.0816,0.0000,
1.9771,3.1214,0.0000,
2.0202,3.1214,0.0000,
2.0633,3.1214,0.0000,
2.1063,3.1214,0.0000,
2.1494,3.1214,0.0000,
2.1925,3.1214,0.0000,
2.2355,3.1214,0.0000,
2.2786,3.1214,0.5837,1.4814
2.3217,3.1214,0.0000,
2.3647,3.1214,1.1674,1.0682
2.4078,3.1214,0.0000,
2.4509,3.1214,1.1674,1.0682
2.4939,3.1214,1.1674,1.0682
2.5370,3.1214,1.1674,1.0682
2.5801,3.1214,2.3349,0.6550
2.6231,3.1214,5.2535,0.1715
2.6662,3.1214,1.7512,0.8265
2.7093,3.1214,3.5023,0.4132
2.7523,3.1214,4.0861,0.3213
2.7954,3.1214,7.0047,-0.0000
2.8385,3.1214,0.5837,1.4814
2.8815,3.1214,1.1674,1.0682
2.9246,3.1214,2.3349,0.6550
2.9677,3.1214,1.1674,1.0682
3.0107,3.1214,1.7512,0.8265
3.0538,3.1214,0.5837,1.4814
3.0968,3.1214,0.5837,1.4814
3.1399,3.1214,0.0000,
3.1830,3.1214,0.0000,
3.2260,3.1214,0.0000,
3.2691,3.1214,0.0000,
3.3122,3.1214,0.0000,
3.3552,3.1214,0.0000,
3.3983,3.1214,0.0000,
3.4414,3.1214,0.0000,
3.4844,3.1214,0.0000,
3.5275,3.1214,0.0000,
3.5706,3.1214,0.0000,
1.9771,3.1612,0.0000,
2.0202,3.1612,0.0000,
2.0633,3.1612,0.0000,
2.1063,3.1612,0.0000,
2.1494,3.1612,0.0000,
2.1925,3.1612,0.0000,
2.2355,3.1612,0.0000,
2.2786,3.1612,0.0000,
2.3217,3.1612,1.1674,1.0682
2.3647,3.1612,0.5837,1.4814
2.4078,3.1612,0.0000,
2.4509,3.1612,0.0000,
2.4939,3.1612,1.7512,0.8265
2.5370,3.1612,2.3349,0.6550
2.5801,3.1612,4.6698,0.2417
2.6231,3.1612,2.9186,0.5219
2.6662,3.1612,2.9186,0.5219
2.7093,3.1612,4.6698,0.2417
2.7523,3.1612,2.9186,0.5219
2.7954,3.1612,2.3349,0.6550
2.8385,3.1612,1.7512,0.8265
2.8815,3.1612,1.1674,1.0682
2.9246,3.1612,1.1674,1.0682
2.9677,3.1612,0.5837,1.4814
3.0107,3.1612,0.5837,1.4814
3.0538,3.1612,0.0000,
3.0968,3.1612,0.0000,
3.1399,3.1612,0.0000,
3.1830,3.1612,0.0000,
3.2260,3.1612,0.0000,
3.2691,3.1612,0.0000,
3.3122,3.1612,0.0000,
3.3552,3.1612,0.0000,
3.3983,3.1612,0.0000,
3.4414,3.1612,0.0000,
3.4844,3.1612,0.0000,
3.5275,3.1612,0.0000,
3.5706,3.1612,0.0000,
1.9771,3.2009,0.0000,
2.0202,3.2009,0.0000,
2.0633,3.2009,0.0000,
2.1063,3.2009,0.0000,
2.1494,3.2009,0.0000,
2.1925,3.2009,0.0000,
2.2355,3.2009,0.0000,
2.2786,3.2009,0.0000,
2.3217,3.2009,0.0000,
2.3647,3.2009,0.0000,
2.4078,3.2009,1.7512,0.8265
2.4509,3.2009,1.1674,1.0682
2.4939,3.2009,4.6698,0.2417
2.5370,3.2009,1.1674,1.0682
2.5801,3.2009,5.2535,0.1715
2.6231,3.2009,4.6698,0.2417
2.6662,3.2009,2.9186,0.5219
2.7093,3.2009,4.0861,0.3213
2.7523,3.2009,3.5023,0.4132
2.7954,3.2009,2.3349,0.6550
2.8385,3.2009,0.5837,1.4814
2.8815,3.2009,0.5837,1.4814
2.9246,3.2009,1.1674,1.0682
2.9677,3.2009,1.1674,1.0682
3.0107,3.2009,0.0000,
3.0538,3.2009,0.5837,1.4814
3.0968,3.2009,0.0000,
3.1399,3.2009,0.0000,
3.1830,3.2009,0.0000,
3.2260,3.2009,0.0000,
3.2691,3.2009,0.0000,
3.3122,3.2009,0.0000,
3.3552,3.2009,0.0000,
3.3983,3.2009,0.0000,
3.4414,3.2009,0.0000,
3.4844,3.2009,0.0000,
3.5275,3.2009,0.0000,
3.5706,3.2009,0.0000,
1.9771,3.2407,0.0000,
2.0202,3.2407,0.0000,
2.0633,3.2407,0.0000,
2.1063,3.2407,0.0000,
2.1494,3.2407,0.0000,
2.1925,3.2407,0.0000,
2.2355,3.2407,0.5837,1.4814
2.2786,3.2407,0.0000,
2.3217,3.2407,1.1674,1.0682
2.3647,3.2407,1.7512,0.8265
2.4078,3.2407,0.0000,
2.4509,3.2407,0.5837,1.4814
2.4939,3.2407,1.1674,1.0682
2.5370,3.2407,2.3349,0.6550
2.5801,3.2407,1.7512,0.8265
2.6231,3.2407,2.3349,0.6550
2.6662,3.2407,3.5023,0.4132
2.7093,3.2407,1.7512,0.8265
2.7523,3.2407,1.1674,1.0682
2.7954,3.2407,1.1674,1.0682
2.8385,3.2407,0.5837,1.4814
2.8815,3.2407,1.1674,1.0682
2.9246,3.2407,0.0000,
2.9677,3.2407,0.0000,
3.0107,3.2407,0.0000,
3.0538,3.2407,0.0000,
3.0968,3.2407,0.0000,
3.1399,3.2407,0.5837,1.4814
3.1830,3.2407,0.0000,
3.2260,3.2407,0.0000,
3.2691,3.2407,0.0000,
3.3122,3.2407,0.0000,
3.3552,3.2407,0.0000,
3.3983,3.2407,0.0000,
3.4414,3.2407,0.0000,
3.4844,3.2407,0.0000,
3.5275,3.2407,0.0000,
3.5706,3.2407,0.0000,
1.9771,3.2805,0.0000,
2.0202,3.2805,0.0000,
2.0633,3.2805,0.0000,
2.1063,3.2805,0.0000,
2.1494,3.2805,0.0000,
2.1925,3.2805,0.5837,1.4814
2.2355,3.2805,0.0000,
2.2786,3.2805,0.0000,
2.3217,3.2805,0.0000,
2.3647,3.2805,0.0000,
2.4078,3.2805,2.9186,0.5219
2.4509,3.2805,1.7512,0.8265
2.4939,3.2805,1.1674,1.0682
2.5370,3.2805,2.9186,0.5219
2.5801,3.2805,1.7512,0.8265
2.6231,3.2805,4.6698,0.2417
2.6662,3.2805,1.1674,1.0682
2.7093,3.2805,2.3349,0.6550
2.7523,3.2805,1.1674,1.0682
2.7954,3.2805,1.1674,1.0682
2.8385,3.2805,0.5837,1.4814
2.8815,3.2805,0.0000,
2.9246,3.2805,0.0000,
2.9677,3.2805,1.1674,1.0682
3.0107,3.2805,0.5837,1.4814
3.0538,3.2805,0.5837,1.4814
3.0968,3.2805,0.0000,
3.1399,3.2805,0.0000,
3.1830,3.2805,0.0000,
3.2260,3.2805,0.0000,
3.2691,3.2805,0.0000,
3.3122,3.2805,0.0000,
3.3552,3.2805,0.0000,
3.3983,3.2805,0.0000,
3.4414,3.2805,0.0000,
3.4844,3.2805,0.0000,
3.5275,3.2805,0.0000,
3.5706,3.2805,0.0000,
1.9771,3.3203,0.0000,
2.0202,3.3203,0.0000,
2.0633,3.3203,0.0000,
2.1063,3.3203,0.0000,
2.1494,3.3203,0.0000,
2.1925,3.3203,0.5837,1.4814
2.2355,3.3203,0.0000,
2.2786,3.3203,0.5837,1.4814
2.3217,3.3203,0.5837,1.4814
2.3647,3.3203,0.5837,1.4814
2.4078,3.3203,1.1674,1.0682
2.4509,3.3203,1.1674,1.0682
2.4939,3.3203,1.1674,1.0682
2.5370,3.3203,1.1674,1.0682
2.5801,3.3203,1.7512,0.8265
2.6231,3.3203,2.3349,0.6550
2.6662,3.3203,1.7512,0.8265
2.7093,3.3203,1.7512,0.8265
2.7523,3.3203,1.1674,1.0682
2.7954,3.3203,1.1674,1.0682
2.8385,3.3203,0.0000,
2.8815,3.3203,0.0000,
2.9246,3.3203,0.0000,
2.9677,3.3203,0.0000,
3.0107,3.3203,0.5837,1.4814
3.0538,3.3203,0.0000,
3.0968,3.3203,0.0000,
3.1399,3.3203,0.0000,
3.1830,3.3203,0.0000,
3.2260,3.3203,0.0000,
3.2691,3.3203,0.0000,
3.3122,3.3203,0.0000,
3.3552,3.3203,0.0000,
3.3983,3.3203,0.0000,
3.4414,3.3203,0.0000,
3.4844,3.3203,0.0000,
3.5275,3.3203,0.0000,
3.5706,3.3203,0.0000,
1.9771,3.3601,0.0000,
2.0202,3.3601,0.0000,
2.0633,3.3601,0.0000,
2.1063,3.3601,0.0000,
2.1494,3.3601,0.0000,
2.1925,3.3601,0.5837,1.4814
2.2355,3.3601,0.0000,
2.2786,3.3601,1.1674,1.0682
2.3217,3.3601,0.0000,
2.3647,3.3601,2.3349,0.6550
2.4078,3.3601,1.1674,1.0682
2.4509,3.3601,2.3349,0.6550
2.4939,3.3601,1.1674,1.0682
2.5370,3.3601,0.5837,1.4814
2.5801,3.3601,1.1674,1.0682
2.6231,3.3601,1.7512,0.8265
2.6662,3.3601,1.1674,1.0682
2.7093,3.3601,2.3349,0.6550
2.7523,3.3601,0.0000,
2.7954,3.3601,0.5837,1.4814
2.8385,3.3601,0.0000,
2.8815,3.3601,0.5837,1.4814
2.9246,3.3601,0.0000,
2.9677,3.3601,0.5837,1.4814
3.0107,3.3601,0.0000,
3.0538,3.3601,0.0000,
3.0968,3.3601,0.5837,1.4814
3.1399,3.3601,0.0000,
3.1830,3.3601,0.0000,
3.2260,3.3601,0.0000,
3.2691,3.3601,0.0000,
3.3122,3.3601,0.0000,
3.3552,3.3601,0.0000,
3.3983,3.3601,0.0000,
3.4414,3.3601,0.0000,
3.4844,3.3601,0.0000,
3.5275,3.3601,0.0000,
3.5706,3.3601,0.0000,
1.9771,3.3998,0.0000,
2.0202,3.3998,0.0000,
2.0633,3.3998,0.0000,
2.1063,3.3998,0.0000,
2.1494,3.3998,0.0000,
2.1925,3.3998,0.0000,
2.2355,3.3998,0.0000,
2.2786,3.3998,0.0000,
2.3217,3.3998,1.7512,0.8265
2.3647,3.3998,0.0000,
2.4078,3.3998,1.1674,1.0682
2.4509,3.3998,1.1674,1.0682
2.4939,3.3998,1.1674,1.0682
2.5370,3.3998,0.5837,1.4814
2.5801,3.3998,0.5837,1.4814
2.6231,3.3998,0.5837,1.4814
2.6662,3.3998,0.5837,1.4814
2.7093,3.3998,0.5837,1.4814
2.7523,3.3998,0.5837,1.4814
2.7954,3.3998,0.0000,
2.8385,3.3998,0.5837,1.4814
2.8815,3.3998,0.0000,
2.9246,3.3998,0.0000,
2.9677,3.3998,0.5837,1.4814
3.0107,3.3998,0.0000,
3.0538,3.3998,0.0000,
3.0968,3.3998,0.0000,
3.1399,3.3998,0.0000,
3.1830,3.3998,0.0000,
3.2260,3.3998,0.0000,
3.2691,3.3998,0.0000,
3.3122,3.3998,0.0000,
3.3552,3.3998,0.0000,
3.3983,3.3998,0.0000,
3.4414,3.3998,0.0000,
3.4844,3.3998,0.0000,
3.5275,3.3998,0.0000,
3.5706,3.3998,0.0000,
1.9771,3.4396,0.0000,
2.0202,3.4396,0.0000,
2.0633,3.4396,0.0000,
2.1063,3.4396,0.0000,
2.1494,3.4396,0.0000,
2.1925,3.4396,0.0000,
2.2355,3.4396,0.0000,
2.2786,3.4396,0.0000,
2.3217,3.4396,0.5837,1.4814
2.3647,3.4396,0.0000,
2.4078,3.4396,1.7512,0.8265
2.4509,3.4396,0.0000,
2.4939,3.4396,0.0000,
2.5370,3.4396,1.1674,1.0682
2.5801,3.4396,0.5837,1.4814
2.6231,3.4396,0.0000,
2.6662,3.4396,0.0000,
2.7093,3.4396,0.0000,
2.7523,3.4396,0.0000,
2.7954,3.4396,0.0000,
2.8385,3.4396,0.0000,
2.8815,3.4396,0.0000,
2.9246,3.4396,0.0000,
2.9677,3.4396,0.0000,
3.0107,3.4396,0.0000,
3.0538,3.4396,0.0000,
3.0968,3.4396,0.0000,
3.1399,3.4396,0.0000,
3.1830,3.4396,0.0000,
3.2260,3.4396,0.0000,
3.2691,3.4396,0.0000,
3.3122,3.4396,0.0000,
3.3552,3.4396,0.0000,
3.3983,3.4396,0.0000,
3.4414,3.4396,0.0000,
3.4844,3.4396,0.0000,
3.5275,3.4396,0.0000,
3.5706,3.4396,0.0000,
1.9771,3.4794,0.0000,
2.0202,3.4794,0.0000,
2.0633,3.4794,0.0000,
2.1063,3.4794,0.5837,1.4814
2.1494,3.4794,0.5837,1.4814
2.1925,3.4794,0.0000,
2.2355,3.4794,0.5837,1.4814
2.2786,3.4794,0.0000,
2.3217,3.4794,0.5837,1.4814
2.3647,3.4794,1.1674,1.0682
2.4078,3.4794,0.0000,
2.4509,3.4794,1.1674,1.0682
2.4939,3.4794,0.0000,
2.5370,3.4794,0.0000,
2.5801,3.4794,0.0000,
2.6231,3.4794,0.5837,1.4814
2.6662,3.4794,0.0000,
2.7093,3.4794,0.0000,
2.7523,3.4794,0.0000,
2.7954,3.4794,0.0000,
2.8385,3.4794,0.5837,1.4814
2.8815,3.4794,0.0000,
2.9246,3.4794,0.0000,
2.9677,3.4794,0.0000,
3.0107,3.4794,0.0000,
3.0538,3.4794,0.0000,
3.0968,3.4794,0.0000,
3.1399,3.4794,0.0000,
3.1830,3.4794,0.0000,
3.2260,3.4794,0.0000,
3.2691,3.4794,0.0000,
3.3122,3.4794,0.0000,
3.3552,3.4794,0.0000,
3.3983,3.4794,0.0000,
3.4414,3.4794,0.0000,
3.4844,3.4794,0.0000,
3.5275,3.4794,0.0000,
3.5706,3.4794,0.0000,
1.9771,3.5192,0.0000,
2.0202,3.5192,0.0000,
2.0633,3.5192,0.0000,
2.1063,3.5192,0.5837,1.4814
2.1494,3.5192,0.0000,
2.1925,3.5192,0.0000,
2.2355,3.5192,0.5837,1.4814
2.2786,3.5192,0.0000,
2.3217,3.5192,1.7512,0.8265
2.3647,3.5192,0.0000,
2.4078,3.5192,1.1674,1.0682
2.4509,3.5192,0.5837,1.4814
2.4939,3.5192,0.5837,1.4814
2.5370,3.5192,1.1674,1.0682
2.5801,3.5192,0.5837,1.4814
2.6231,3.5192,0.5837,1.4814
2.6662,3.5192,0.0000,
2.7093,3.5192,0.0000,
2.7523,3.5192,0.0000,
2.7954,3.5192,0.5837,1.4814
2.8385,3.5192,0.0000,
2.8815,3.5192,0.0000,
2.9246,3.5192,0.0000,
2.9677,3.5192,0.0000,
3.0107,3.5192,0.0000,
3.0538,3.5192,0.0000,
3.0968,3.5192,0.0000,
3.1399,3.5192,0.0000,
3.1830,3.5192,0.0000,
3.2260,3.5192,0.0000,
3.2691,3.5192,0.0000,
3.3122,3.5192,0.0000,
3.3552,3.5192,0.0000,
3.3983,3.5192,0.0000,
3.4414,3.5192,0.0000,
3.4844,3.5192,0.0000,
3.5275,3.5192,0.0000,
3.5706,3.5192,0.0000,
1.9771,3.5590,0.0000,
2.0202,3.5590,0.0000,
2.0633,3.5590,0.0000,
2.1063,3.5590,0.0000,
2.1494,3.5590,0.5837,1.4814
2.1925,3.5590,0.0000,
2.2355,3.5590,0.0000,
2.2786,3.5590,0.5837,1.4814
2.3217,3.5590,2.3349,0.6550
2.3647,3.5590,0.0000,
2.4078,3.5590,0.0000,
2.4509,3.5590,0.0000,
2.4939,3.5590,0.0000,
2.5370,3.5590,0.0000,
2.5801,3.5590,0.5837,1.4814
2.6231,3.5590,0.0000,
2.6662,3.5590,0.0000,
2.7093,3.5590,0.5837,1.4814
2.7523,3.5590,0.5837,1.4814
2.7954,3.5590,0.0000,
2.8385,3.5590,0.0000,
2.8815,3.5590,0.0000,
2.9246,3.5590,0.0000,
2.9677,3.5590,0.0000,
3.0107,3.5590,0.0000,
3.0538,3.5590,0.0000,
3.0968,3.5590,0.0000,
3.1399,3.5590,0.0000,
3.1830,3.5590,0.0000,
3.2260,3.5590,0.0000,
3.2691,3.5590,0.0000,
3.3122,3.5590,0.0000,
3.3552,3.5590,0.0000,
3.3983,3.5590,0.0000,
3.4414,3.5590,0.0000,
3.4844,3.5590,0.0000,
3.5275,3.5590,0.0000,
3.5706,3.5590,0.0000,
1.9771,3.5987,0.0000,
2.0202,3.5987,0.0000,
2.0633,3.5987,0.5837,1.4814
2.1063,3.5987,0.0000,
2.1494,3.5987,0.0000,
2.1925,3.5987,0.5837,1.4814
2.2355,3.5987,0.0000,
2.2786,3.5987,0.0000,
2.3217,3.5987,0.0000,
2.3647,3.5987,0.0000,
2.4078,3.5987,0.5837,1.4814
2.4509,3.5987,0.0000,
2.4939,3.5987,0.0000,
2.5370,3.5987,0.0000,
2.5801,3.5987,0.0000,
2.6231,3.5987,0.0000,
2.6662,3.5987,0.0000,
2.7093,3.5987,0.0000,
2.7523,3.5987,0.0000,
2.7954,3.5987,0.0000,
2.8385,3.5987,0.0000,
2.8815,3.5987,0.0000,
2.9246,3.5987,0.0000,
2.9677,3.5987,0.0000,
3.0107,3.5987,0.0000,
3.0538,3.5987,0.0000,
3.0968,3.5987,0.0000,
3.1399,3.5987,0.0000,
3.1830,3.5987,0.0000,
3.2260,3.5987,0.0000,
3.2691,3.5987,0.0000,
3.3122,3.5987,0.0000,
3.3552,3.5987,0.0000,
3.3983,3.5987,0.0000,
3.4414,3.5987,0.0000,
3.4844,3.5987,0.0000,
3.5275,3.5987,0.0000,
3.5706,3.5987,0.0000,
1.9771,3.6385,0.0000,
2.0202,3.6385,0.0000,
2.0633,3.6385,0.0000,
2.1063,3.6385,0.0000,
2.1494,3.6385,0.0000,
2.1925,3.6385,0.0000,
2.2355,3.6385,1.1674,1.0682
2.2786,3.6385,0.5837,1.4814
2.3217,3.6385,0.0000,
2.3647,3.6385,0.0000,
2.4078,3.6385,0.0000,
2.4509,3.6385,0.0000,
2.4939,3.6385,0.5837,1.4814
2.5370,3.6385,0.0000,
2.5801,3.6385,0.0000,
2.6231,3.6385,0.0000,
2.6662,3.6385,0.0000,
2.7093,3.6385,0.0000,
2.7523,3.6385,0.0000,
2.7954,3.6385,0.0000,
2.8385,3.6385,0.0000,
2.8815,3.6385,0.0000,
2.9246,3.6385,0.0000,
2.9677,3.6385,0.0000,
3.0107,3.6385,0.0000,
3.0538,3.6385,0.0000,
3.0968,3.6385,0.0000,
3.1399,3.6385,0.0000,
3.1830,3.6385,0.0000,
3.2260,3.6385,0.0000,
3.2691,3.6385,0.0000,
3.3122,3.6385,0.0000,
3.3552,3.6385,0.0000,
3.3983,3.6385,0.0000,
3.4414,3.6385,0.0000,
3.4844,3.6385,0.0000,
3.5275,3.6385,0.0000,
3.5706,3.6385,0.0000,
1.9771,3.6783,0.0000,
2.0202,3.6783,0.0000,
2.0633,3.6783,0.0000,
2.1063,3.6783,0.0000,
2.1494,3.6783,0.0000,
2.1925,3.6783,0.0000,
2.2355,3.6783,0.0000,
2.2786,3.6783,0.5837,1.4814
2.3217,3.6783,0.0000,
2.3647,3.6783,0.0000,
2.4078,3.6783,0.0000,
2.4509,3.6783,0.5837,1.4814
2.4939,3.6783,0.0000,
2.5370,3.6783,0.0000,
2.5801,3.6783,0.0000,
2.6231,3.6783,0.5837,1.4814
2.6662,3.6783,0.0000,
2.7093,3.6783,0.0000,
2.7523,3.6783,0.0000,
2.7954,3.6783,0.0000,
2.8385,3.6783,0.0000,
2.8815,3.6783,0.0000,
2.9246,3.6783,0.0000,
2.9677,3.6783,0.0000,
3.0107,3.6783,0.0000,
3.0538,3.6783,0.0000,
3.0968,3.6783,0.0000,
3.1399,3.6783,0.0000,
3.1830,3.6783,0.0000,
3.2260,3.6783,0.0000,
3.2691,3.6783,0.0000,
3.3122,3.6783,0.0000,
3.3552,3.6783,0.0000,
3.3983,3.6783,0.0000,
3.4414,3.6783,0.0000,
3.4844,3.6783,0.0000,
3.5275,3.6783,0.0000,
3.5706,3.6783,0.0000,
1.9771,3.7181,0.0000,
2.0202,3.7181,0.0000,
2.0633,3.7181,0.0000,
2.1063,3.7181,0.0000,
2.1494,3.7181,0.0000,
2.1925,3.7181,0.0000,
2.2355,3.7181,0.5837,1.4814
2.2786,3.7181,0.0000,
2.3217,3.7181,0.5837,1.4814
2.3647,3.7181,0.0000,
2.4078,3.7181,0.5837,1.4814
2.4509,3.7181,0.0000,
2.4939,3.7181,0.0000,
2.5370,3.7181,0.0000,
2.5801,3.7181,0.0000,
2.6231,3.7181,0.0000,
2.6662,3.7181,0.0000,
2.7093,3.7181,0.0000,
2.7523,3.7181,0.0000,
2.7954,3.7181,0.0000,
2.8385,3.7181,0.0000,
2.8815,3.7181,0.0000,
2.9246,3.7181,0.0000,
2.9677,3.7181,0.0000,
3.0107,3.7181,0.0000,
3.0538,3.7181,0.0000,
3.0968,3.7181,0.0000,
3.1399,3.7181,0.0000,
3.1830,3.7181,0.0000,
3.2260,3.7181,0.0000,
3.2691,3.7181,0.0000,
3.3122,3.7181,0.0000,
3.3552,3.7181,0.0000,
3.3983,3.7181,0.0000,
3.4414,3.7181,0.0000,
3.4844,3.7181,0.0000,
3.5275,3.7181,0.0000,
3.5706,3.7181,0.0000,
1.9771,3.7579,0.5837,1.4814
2.0202,3.7579,0.0000,
2.0633,3.7579,0.5837,1.4814
2.1063,3.7579,0.0000,
2.1494,3.7579,0.0000,
2.1925,3.7579,0.0000,
2.2355,3.7579,0.0000,
2.2786,3.7579,0.0000,
2.3217,3.7579,0.0000,
2.3647,3.7579,0.5837,1.4814
2.4078,3.7579,0.0000,
2.4509,3.7579,0.0000,
2.4939,3.7579,0.0000,
2.5370,3.7579,0.0000,
2.5801,3.7579,0.0000,
2.6231,3.7579,0.0000,
2.6662,3.7579,0.0000,
2.7093,3.7579,0.0000,
2.7523,3.7579,0.0000,
2.7954,3.7579,0.0000,
2.8385,3.7579,0.0000,
2.8815,3.7579,0.0000,
2.9246,3.7579,0.0000,
2.9677,3.7579,0.0000,
3.0107,3.7579,0.0000,
3.0538,3.7579,0.0000,
3.0968,3.7579,0.0000,
3.1399,3.7579,0.0000,
3.1830,3.7579,0.0000,
3.2260,3.7579,0.0000,
3.2691,3.7579,0.0000,
3.3122,3.7579,0.0000,
3.3552,3.7579,0.0000,
3.3983,3.7579,0.0000,
3.4414,3.7579,0.0000,
3.4844,3.7579,0.0000,
3.5275,3.7579,0.0000,
3.5706,3.7579,0.0000,
1.9771,3.7976,0.0000,
2.0202,3.7976,0.0000,
2.0633,3.7976,0.5837,1.4814
2.1063,3.7976,0.0000,
2.1494,3.7976,0.0000,
2.1925,3.7976,0.5837,1.4814
2.2355,3.7976,0.0000,
2.2786,3.7976,0.0000,
2.3217,3.7976,0.0000,
2.3647,3.7976,0.0000,
2.4078,3.7976,0.0000,
2.4509,3.7976,0.0000,
2.4939,3.7976,0.0000,
2.5370,3.7976,0.0000,
2.5801,3.7976,0.0000,
2.6231,3.7976,0.0000,
2.6662,3.7976,0.0000,
2.7093,3.7976,0.0000,
2.7523,3.7976,0.0000,
2.7954,3.7976,0.0000,
2.8385,3.7976,0.0000,
2.8815,3.7976,0.0000,
2.9246,3.7976,0.0000,
2.9677,3.7976,0.0000,
3.0107,3.7976,0.0000,
3.0538,3.7976,0.0000,
3.0968,3.7976,0.0000,
3.1399,3.7976,0.0000,
3.1830,3.7976,0.0000,
3.2260,3.7976,0.0000,
3.2691,3.7976,0.0000,
3.3122,3.7976,0.0000,
3.3552,3.7976,0.0000,
3.3983,3.7976,0.0000,
3.4414,3.7976,0.0000,
3.4844,3.7976,0.0000,
3.5275,3.7976,0.0000,
3.5706,3.7976,0.0000,
