frame,time,a_Ow_H2_OD2,a_Ow_HH12_OD2
0,0.0000,162.0275,45.0653
1,0.1000,148.9477,73.6715
2,0.2000,172.3835,58.2364
3,0.3000,146.4099,69.0626
4,0.4000,178.6516,56.4647
5,0.5000,170.3772,57.1280
6,0.6000,170.8032,60.9237
7,0.7000,164.8223,69.6389
8,0.8000,141.4325,71.5416
9,0.9000,176.2971,64.6109
10,1.0000,144.5548,66.4768
11,1.1000,167.3722,65.8780
12,1.2000,165.3087,62.9361
13,1.3000,160.2368,56.3173
14,1.4000,164.9469,59.8618
15,1.5000,170.3384,64.4539
16,1.6000,159.7029,67.0343
17,1.7000,133.1027,76.4585
18,1.8000,157.8776,63.8388
19,1.9000,169.3738,54.8443
20,2.0000,167.5358,65.0619
21,2.1000,158.3986,64.9473
22,2.2000,174.9368,53.3780
23,2.3000,150.8828,58.2306
24,2.4000,172.7010,57.0093
25,2.5000,150.1560,73.6962
26,2.6000,155.4354,54.7924
27,2.7000,147.7321,77.3385
28,2.8000,147.4178,68.3023
29,2.9000,166.0512,52.2403
30,3.0000,166.9874,67.5204
31,3.1000,162.6535,60.9989
32,3.2000,164.6854,66.5027
33,3.3000,151.3748,65.0473
34,3.4000,152.7037,44.4343
35,3.5000,158.5340,64.4423
36,3.6000,157.1106,44.6660
37,3.7000,174.3809,49.7849
38,3.8000,164.8521,41.4299
39,3.9000,149.1187,39.8936
40,4.0000,153.8483,63.5689
41,4.1000,151.7967,36.0682
42,4.2000,117.8888,81.7696
43,4.3000,128.1229,55.2440
44,4.4000,151.2108,73.9550
45,4.5000,150.1319,58.4013
46,4.6000,146.6153,81.5607
47,4.7000,159.8321,57.7812
48,4.8000,163.8110,71.1207
49,4.9000,170.2054,60.0684
50,5.0000,154.4517,70.8200
51,5.1000,167.7675,63.0429
52,5.2000,158.9264,63.6281
53,5.3000,139.4988,70.3750
54,5.4000,155.4990,70.5612
55,5.5000,150.9758,64.6927
56,5.6000,173.6294,64.5121
57,5.7000,135.7704,79.1576
58,5.8000,158.0044,64.4825
59,5.9000,135.7157,83.7462
60,6.0000,169.9561,56.8626
61,6.1000,162.7592,62.5965
62,6.2000,161.9840,56.3039
63,6.3000,158.8343,68.8861
64,6.4000,154.3797,59.8371
65,6.5000,140.5243,71.3517
66,6.6000,123.2041,82.4245
67,6.7000,166.4936,62.4101
68,6.8000,159.4513,66.5076
69,6.9000,141.9738,73.2004
70,7.0000,166.5463,64.4528
71,7.1000,124.4180,91.2063
72,7.2000,121.6071,69.7042
73,7.3000,169.7634,58.9002
74,7.4000,174.0172,60.9190
75,7.5000,157.6286,62.1916
76,7.6000,140.2450,67.4564
77,7.7000,119.4594,85.0003
78,7.8000,124.1680,77.6973
79,7.9000,125.6362,77.2367
80,8.0000,168.7812,51.2902
81,8.1000,131.7031,91.6805
82,8.2000,149.3646,68.7823
83,8.3000,137.9835,85.6855
84,8.4000,158.4252,67.8931
85,8.5000,146.4535,67.9798
86,8.6000,135.8571,84.8219
87,8.7000,157.9654,54.7832
88,8.8000,154.0267,68.3576
89,8.9000,177.2310,54.0797
90,9.0000,163.2360,71.7108
91,9.1000,137.2744,61.3559
92,9.2000,126.4508,68.4922
93,9.3000,160.0851,50.7293
94,9.4000,137.5291,73.2473
95,9.5000,145.7634,74.7043
96,9.6000,145.0010,70.0968
97,9.7000,144.2015,76.5945
98,9.8000,140.7432,82.3891
99,9.9000,163.9632,49.8264
100,10.0000,145.2148,59.0584
101,10.1000,159.1791,53.4933
102,10.2000,139.0165,69.4823
103,10.3000,159.6530,62.4549
104,10.4000,139.4834,72.8204
105,10.5000,165.3721,65.5618
106,10.6000,159.9677,66.6380
107,10.7000,168.3290,61.2485
108,10.8000,170.2997,53.7210
109,10.9000,166.4141,60.3633
110,11.0000,159.3774,66.4745
111,11.1000,152.0855,56.8171
112,11.2000,165.4911,51.4239
113,11.3000,168.8530,62.9556
114,11.4000,148.0522,63.8444
115,11.5000,167.9798,66.1737
116,11.6000,147.7441,74.3583
117,11.7000,150.8185,74.5269
118,11.8000,176.3407,50.4009
119,11.9000,145.0465,71.9298
120,12.0000,163.5272,60.6810
121,12.1000,161.6766,62.0690
122,12.2000,145.7967,71.8851
123,12.3000,155.0711,73.4550
124,12.4000,152.7313,71.0871
125,12.5000,175.7279,56.9267
126,12.6000,135.8053,77.5256
127,12.7000,144.1231,76.1646
128,12.8000,154.3985,62.4393
129,12.9000,135.4740,61.9712
130,13.0000,158.9726,61.0998
131,13.1000,154.4372,60.3193
132,13.2000,149.0869,71.4981
133,13.3000,135.6915,72.8704
134,13.4000,162.9102,67.7775
135,13.5000,153.1981,61.2240
136,13.6000,152.5798,61.7822
137,13.7000,162.4422,69.2626
138,13.8000,160.5086,68.6367
139,13.9000,161.8872,59.7475
140,14.0000,167.1170,62.2964
141,14.1000,167.2353,63.0602
142,14.2000,169.9834,67.6324
143,14.3000,137.9667,73.0708
144,14.4000,162.2483,63.4676
145,14.5000,157.9948,66.3347
146,14.6000,173.8880,53.6538
147,14.7000,164.7718,55.3674
148,14.8000,173.6049,59.9217
149,14.9000,130.0763,77.9705
150,15.0000,100.2948,89.2981
151,15.1000,131.4793,87.1743
152,15.2000,140.9379,72.5919
153,15.3000,170.6268,57.2986
154,15.4000,162.9951,57.3307
155,15.5000,143.9381,76.5702
156,15.6000,169.2153,66.3864
157,15.7000,138.8319,64.7727
158,15.8000,135.7403,82.9910
159,15.9000,172.3108,54.3689
160,16.0000,148.8447,70.2451
161,16.1000,152.5933,71.5007
162,16.2000,137.3534,76.3563
163,16.3000,148.1380,66.3589
164,16.4000,134.5913,79.5294
165,16.5000,144.9037,62.2151
166,16.6000,135.7746,83.8459
167,16.7000,169.0892,63.0799
168,16.8000,160.2410,60.3797
169,16.9000,162.1250,64.0172
170,17.0000,152.9490,70.7420
171,17.1000,161.9724,66.9530
172,17.2000,150.8181,62.4171
173,17.3000,149.5218,68.7597
174,17.4000,174.0930,59.7475
175,17.5000,163.3868,68.3401
176,17.6000,149.7977,67.8796
177,17.7000,159.7883,63.8131
178,17.8000,174.0023,56.1335
179,17.9000,164.8687,68.0315
180,18.0000,167.0733,67.2117
181,18.1000,140.7591,78.9680
182,18.2000,145.7428,72.2394
183,18.3000,174.3227,60.3652
184,18.4000,175.5875,53.2703
185,18.5000,152.5229,72.3215
186,18.6000,148.1933,64.9000
187,18.7000,167.7000,60.4425
188,18.8000,159.4541,66.5350
189,18.9000,152.0548,66.2193
190,19.0000,168.1756,59.8332
191,19.1000,146.6256,68.5060
192,19.2000,137.6636,67.8030
193,19.3000,177.0493,60.3473
194,19.4000,151.7677,70.5478
195,19.5000,174.0922,54.8265
196,19.6000,169.9446,53.5242
197,19.7000,151.4687,60.9566
198,19.8000,169.4696,63.3070
199,19.9000,154.4946,69.5143
200,20.0000,153.9137,62.2863
201,20.1000,163.4377,66.2358
202,20.2000,167.5565,55.5963
203,20.3000,149.3035,71.2652
204,20.4000,148.3192,71.8023
205,20.5000,151.4016,73.2892
206,20.6000,158.6488,58.5469
207,20.7000,150.3467,71.9745
208,20.8000,161.0184,56.5716
209,20.9000,164.8217,64.7546
210,21.0000,156.5394,66.2842
211,21.1000,158.7555,65.1135
212,21.2000,150.8390,61.2914
213,21.3000,140.7946,88.8591
214,21.4000,135.7840,68.6116
215,21.5000,170.9242,61.7642
216,21.6000,155.2414,73.3295
217,21.7000,144.3269,62.8682
218,21.8000,158.6026,61.1682
219,21.9000,162.4080,66.6333
220,22.0000,167.7291,52.3248
221,22.1000,170.1006,57.9135
222,22.2000,132.5252,85.2454
223,22.3000,129.3311,69.9373
224,22.4000,175.2845,60.4795
225,22.5000,161.3050,53.5678
226,22.6000,152.6609,58.7344
227,22.7000,152.6284,60.7902
228,22.8000,173.8667,58.7129
229,22.9000,159.7318,72.1224
230,23.0000,136.4825,77.9733
231,23.1000,144.5152,68.4098
232,23.2000,161.8538,65.4965
233,23.3000,154.9661,65.0912
234,23.4000,166.5985,55.4064
235,23.5000,153.7348,63.2449
236,23.6000,134.5586,86.0214
237,23.7000,129.3602,80.0991
238,23.8000,151.3803,62.7361
239,23.9000,153.7923,74.2792
240,24.0000,146.8037,70.7795
241,24.1000,110.0267,85.7031
242,24.2000,156.8673,69.9039
243,24.3000,154.4168,67.8910
244,24.4000,156.1455,63.1364
245,24.5000,145.9082,77.4313
246,24.6000,151.8766,62.5513
247,24.7000,154.2513,62.8669
248,24.8000,172.4692,49.5281
249,24.9000,163.7941,52.4962
250,25.0000,166.7384,57.0607
251,25.1000,170.8999,49.8053
252,25.2000,124.5168,77.6018
253,25.3000,142.6587,78.6089
254,25.4000,123.6028,73.3246
255,25.5000,165.2819,49.1403
256,25.6000,152.4611,56.9915
257,25.7000,167.4540,44.6180
258,25.8000,145.7683,44.8514
259,25.9000,141.1245,76.3769
260,26.0000,152.4885,49.2136
261,26.1000,168.1214,59.4061
262,26.2000,160.2881,55.3770
263,26.3000,167.1529,62.1412
264,26.4000,169.2093,54.1710
265,26.5000,162.8329,58.6446
266,26.6000,174.7283,60.7340
267,26.7000,156.3791,70.7519
268,26.8000,165.5869,57.1094
269,26.9000,176.4345,52.1658
270,27.0000,161.5926,49.1939
271,27.1000,171.9177,60.9654
272,27.2000,153.8368,66.6401
273,27.3000,174.8683,49.8271
274,27.4000,143.5542,75.6545
275,27.5000,122.7499,72.8336
276,27.6000,173.3059,64.6912
277,27.7000,150.8429,47.7725
278,27.8000,155.2087,66.1443
279,27.9000,168.2647,56.1742
280,28.0000,166.4041,62.4011
281,28.1000,147.1670,60.9094
282,28.2000,175.1664,53.8229
283,28.3000,142.3992,79.2362
284,28.4000,157.6706,54.9068
285,28.5000,135.2376,62.1640
286,28.6000,174.4919,58.1299
287,28.7000,165.5441,50.9260
288,28.8000,159.9947,70.0093
289,28.9000,159.6403,58.1107
290,29.0000,155.9569,63.3537
291,29.1000,124.9046,75.2473
292,29.2000,152.6863,63.8303
293,29.3000,152.6197,58.8167
294,29.4000,158.2721,50.7852
295,29.5000,167.4624,57.9427
296,29.6000,160.1334,63.1820
297,29.7000,160.5904,73.3406
298,29.8000,141.4059,66.0958
299,29.9000,167.4421,73.7321
300,30.0000,156.0419,61.3648
301,30.1000,150.7832,47.7387
302,30.2000,152.4351,66.6328
303,30.3000,140.6563,78.3728
304,30.4000,164.9154,45.7951
305,30.5000,112.7359,91.9607
306,30.6000,73.2386,126.8629
307,30.7000,70.3135,149.6152
308,30.8000,61.0384,149.6770
309,30.9000,56.0544,166.8398
310,31.0000,123.3530,95.4684
311,31.1000,160.2009,67.0216
312,31.2000,174.6783,58.4861
313,31.3000,140.9873,69.4621
314,31.4000,164.8639,59.5218
315,31.5000,177.4553,60.4417
316,31.6000,148.3773,65.4399
317,31.7000,152.6017,51.8215
318,31.8000,134.9095,78.0212
319,31.9000,152.5052,55.9482
320,32.0000,127.9514,82.5390
321,32.1000,121.4773,100.0296
322,32.2000,137.3206,74.3604
323,32.3000,143.0797,69.3143
324,32.4000,163.8792,49.7491
325,32.5000,169.7120,59.5012
326,32.6000,171.7474,54.9836
327,32.7000,148.8706,65.0454
328,32.8000,138.8982,61.7846
329,32.9000,144.7090,71.3415
330,33.0000,176.5740,64.6180
331,33.1000,135.1661,79.3441
332,33.2000,155.4241,74.8783
333,33.3000,152.2225,73.0355
334,33.4000,72.4978,158.5866
335,33.5000,68.0322,156.5050
336,33.6000,94.9689,107.0831
337,33.7000,138.3244,81.1605
338,33.8000,163.3722,60.4930
339,33.9000,156.5100,58.6277
340,34.0000,153.5298,60.1234
341,34.1000,138.8234,81.7244
342,34.2000,119.4389,95.5388
343,34.3000,127.5955,82.0208
344,34.4000,150.0143,57.9689
345,34.5000,143.9030,73.4605
346,34.6000,157.9326,58.5104
347,34.7000,156.6568,56.8346
348,34.8000,163.3481,61.6642
349,34.9000,163.3971,63.7285
350,35.0000,133.9891,64.5055
351,35.1000,147.6370,60.9754
352,35.2000,154.6559,68.0963
353,35.3000,168.9791,58.7459
354,35.4000,167.1992,58.5831
355,35.5000,171.4677,58.0106
356,35.6000,160.0245,61.7029
357,35.7000,148.1075,57.3840
358,35.8000,154.8437,75.2326
359,35.9000,150.9566,46.2308
360,36.0000,158.8887,58.5083
361,36.1000,154.0881,62.2012
362,36.2000,125.8028,70.8365
363,36.3000,130.8481,72.0999
364,36.4000,165.9360,59.4550
365,36.5000,177.9805,54.0352
366,36.6000,157.2818,53.0362
367,36.7000,149.3079,70.0891
368,36.8000,164.3308,56.6455
369,36.9000,167.7474,52.0934
370,37.0000,167.3587,52.7384
371,37.1000,156.6746,61.0771
372,37.2000,153.2890,63.3067
373,37.3000,154.0799,47.7362
374,37.4000,143.6911,68.7791
375,37.5000,165.9533,53.7565
376,37.6000,133.0504,75.0913
377,37.7000,158.4222,62.1086
378,37.8000,164.6168,62.2884
379,37.9000,165.6735,56.4459
380,38.0000,151.4924,62.9877
381,38.1000,143.2784,53.7393
382,38.2000,157.4438,50.7494
383,38.3000,158.4661,49.1780
384,38.4000,158.9723,61.0997
385,38.5000,143.4985,70.7793
386,38.6000,165.7228,58.6557
387,38.7000,142.3774,65.7734
388,38.8000,162.0910,67.1129
389,38.9000,160.3190,58.5515
390,39.0000,154.5638,64.5193
391,39.1000,149.7448,58.0126
392,39.2000,142.7766,57.8185
393,39.3000,159.8254,66.1150
394,39.4000,150.3377,67.4589
395,39.5000,149.6073,74.4937
396,39.6000,157.4788,57.7527
397,39.7000,141.7342,79.8202
398,39.8000,148.2583,60.3823
399,39.9000,148.8476,76.7917
400,40.0000,147.5534,80.8037
401,40.1000,153.4361,67.4667
402,40.2000,164.1325,58.9820
403,40.3000,151.1418,65.3379
404,40.4000,162.4837,58.2409
405,40.5000,142.7005,55.4831
406,40.6000,151.2713,55.3363
407,40.7000,170.7129,56.0393
408,40.8000,147.2254,59.4596
409,40.9000,137.7370,77.9112
410,41.0000,142.3887,62.6604
411,41.1000,137.7854,67.6897
412,41.2000,146.5835,55.3075
413,41.3000,146.4590,62.7968
414,41.4000,159.4758,53.5544
415,41.5000,137.3568,71.0144
416,41.6000,121.8728,67.8023
417,41.7000,135.6663,72.8987
418,41.8000,145.2242,77.9560
419,41.9000,80.0222,141.6019
420,42.0000,165.6528,52.7951
421,42.1000,162.3683,53.0753
422,42.2000,161.3430,60.2336
423,42.3000,154.5604,68.5908
424,42.4000,122.6583,83.7590
425,42.5000,164.1624,59.7902
426,42.6000,160.8079,62.0480
427,42.7000,163.2540,65.2213
428,42.8000,140.1205,76.9712
429,42.9000,133.3653,55.8519
430,43.0000,132.0256,70.3605
431,43.1000,165.5727,62.5843
432,43.2000,167.5040,58.4039
433,43.3000,145.4886,79.8670
434,43.4000,161.0570,65.4717
435,43.5000,149.5202,70.1326
436,43.6000,149.4383,78.7620
437,43.7000,120.8512,92.2263
438,43.8000,167.2234,49.0124
439,43.9000,170.0484,64.1620
440,44.0000,151.7287,64.4552
441,44.1000,167.1138,58.1485
442,44.2000,158.4774,70.0713
443,44.3000,139.6005,76.7041
444,44.4000,145.9971,73.2858
445,44.5000,155.6362,56.1600
446,44.6000,163.8723,50.2989
447,44.7000,147.7660,65.5196
448,44.8000,176.8435,57.7348
449,44.9000,145.2089,75.0216
450,45.0000,149.3292,78.7308
451,45.1000,163.8499,67.1202
452,45.2000,153.9924,63.8755
453,45.3000,158.5305,67.3627
454,45.4000,157.4207,71.8483
455,45.5000,157.4465,66.3903
456,45.6000,146.3291,68.6113
457,45.7000,150.6022,66.3524
458,45.8000,153.4714,65.5519
459,45.9000,157.6777,66.6098
460,46.0000,157.3637,67.4360
461,46.1000,151.7313,47.5385
462,46.2000,142.9597,80.4558
463,46.3000,150.7092,62.8544
464,46.4000,136.6921,71.2807
465,46.5000,148.0746,81.7848
466,46.6000,147.9980,65.0012
467,46.7000,169.0167,59.2370
468,46.8000,149.5175,77.0604
469,46.9000,152.8521,69.6337
470,47.0000,160.4936,63.3428
471,47.1000,164.0140,67.6710
472,47.2000,142.6196,70.6079
473,47.3000,145.0624,67.2354
474,47.4000,131.2875,84.4369
475,47.5000,115.1928,85.5747
476,47.6000,152.7760,69.6212
477,47.7000,150.1286,63.1762
478,47.8000,169.6718,55.7334
479,47.9000,144.0790,61.2456
480,48.0000,126.8827,87.6604
481,48.1000,134.6667,80.1347
482,48.2000,160.0284,63.6498
483,48.3000,139.6515,70.6298
484,48.4000,145.8775,66.5723
485,48.5000,153.8746,62.9451
486,48.6000,175.9558,55.2643
487,48.7000,173.0851,57.1294
488,48.8000,159.7570,71.0581
489,48.9000,140.9686,68.6397
490,49.0000,161.3128,64.9389
491,49.1000,155.0915,59.1170
492,49.2000,155.0709,63.2258
493,49.3000,140.5559,72.7445
494,49.4000,144.3349,73.4229
495,49.5000,160.8604,59.9442
496,49.6000,158.8053,62.0413
497,49.7000,93.8621,89.6291
498,49.8000,161.2272,69.1934
499,49.9000,167.1922,58.6502
500,50.0000,168.8914,49.1785
501,50.1000,143.2877,62.7796
502,50.2000,77.9271,137.3579
503,50.3000,61.0290,153.1376
504,50.4000,67.8750,146.3189
505,50.5000,104.0047,106.3034
506,50.6000,154.4634,52.0024
507,50.7000,165.3978,57.1505
508,50.8000,161.2582,64.6666
509,50.9000,144.9599,60.5045
510,51.0000,156.9500,69.4046
511,51.1000,138.6618,79.4018
512,51.2000,158.2531,66.3812
513,51.3000,158.2662,67.9060
514,51.4000,150.2078,59.6377
515,51.5000,176.5869,55.8506
516,51.6000,142.3590,66.5684
517,51.7000,115.1326,95.8348
518,51.8000,158.7430,62.4847
519,51.9000,160.6440,77.2033
520,52.0000,118.4450,47.6162
521,52.1000,150.5841,65.8663
522,52.2000,170.0053,58.8595
523,52.3000,136.3729,82.5282
524,52.4000,143.2525,71.6760
525,52.5000,142.4973,65.2972
526,52.6000,147.1195,70.5968
527,52.7000,142.9988,69.3387
528,52.8000,132.7178,81.1767
529,52.9000,159.8688,68.9281
530,53.0000,145.8993,66.3031
531,53.1000,117.7847,81.2589
532,53.2000,163.2035,65.7877
533,53.3000,147.4223,76.6397
534,53.4000,142.3409,64.0950
535,53.5000,98.6852,103.9941
536,53.6000,80.1264,127.7882
537,53.7000,67.0527,150.7541
538,53.8000,102.1884,85.0464
539,53.9000,126.6378,83.0533
540,54.0000,134.7524,60.2640
541,54.1000,161.0747,67.0847
542,54.2000,166.6552,68.6222
543,54.3000,148.5533,64.5209
544,54.4000,145.7311,64.5312
545,54.5000,128.6093,82.4094
546,54.6000,155.3193,66.9143
547,54.7000,144.8309,70.6057
548,54.8000,155.8205,65.3574
549,54.9000,153.8655,65.1778
550,55.0000,141.7578,77.4510
551,55.1000,101.5004,116.6634
552,55.2000,147.0919,72.4422
553,55.3000,154.3227,67.7130
554,55.4000,137.0937,66.5763
555,55.5000,162.2470,68.2446
556,55.6000,156.5656,62.2278
557,55.7000,137.8656,72.8329
558,55.8000,138.9734,76.2710
559,55.9000,129.9210,85.3482
560,56.0000,145.3152,67.4011
561,56.1000,147.7735,76.7661
562,56.2000,151.3726,73.7640
563,56.3000,152.4960,70.7850
564,56.4000,137.6216,73.7575
565,56.5000,143.2792,68.8277
566,56.6000,143.2636,85.2969
567,56.7000,147.2088,80.6649
568,56.8000,136.5737,73.6841
569,56.9000,154.0763,68.8692
570,57.0000,154.4709,64.4152
571,57.1000,157.7631,55.0555
572,57.2000,159.8602,58.9378
573,57.3000,142.2199,67.7441
574,57.4000,133.0215,86.1320
575,57.5000,139.2204,82.7471
576,57.6000,161.5411,61.1722
577,57.7000,143.0507,72.2996
578,57.8000,162.0291,55.4601
579,57.9000,155.4670,67.0462
580,58.0000,160.3211,71.1042
581,58.1000,138.1299,76.2546
582,58.2000,177.8606,56.4264
583,58.3000,161.0478,62.8357
584,58.4000,132.4473,84.8467
585,58.5000,143.1684,75.2541
586,58.6000,133.9592,83.3223
587,58.7000,164.8426,61.0608
588,58.8000,171.0129,62.5404
589,58.9000,143.6951,76.0861
590,59.0000,167.4729,49.5785
591,59.1000,149.8614,70.8948
592,59.2000,156.5615,64.5237
593,59.3000,152.9561,62.2057
594,59.4000,135.7149,78.0415
595,59.5000,162.0312,64.3945
596,59.6000,146.0484,80.2851
597,59.7000,170.8229,53.0476
598,59.8000,144.6876,69.4750
599,59.9000,137.9813,84.7011
600,60.0000,161.2960,66.2951
601,60.1000,159.8004,61.4196
602,60.2000,135.8287,75.7386
603,60.3000,152.9945,80.3128
604,60.4000,153.8796,74.0331
605,60.5000,121.8806,87.3092
606,60.6000,144.1952,64.3539
607,60.7000,164.9634,59.1200
608,60.8000,167.1475,49.8559
609,60.9000,155.3188,70.5078
610,61.0000,165.6886,53.0331
611,61.1000,161.3667,69.1361
612,61.2000,155.4613,67.5844
613,61.3000,169.1540,55.2749
614,61.4000,151.9492,68.5441
615,61.5000,165.8634,61.0410
616,61.6000,153.2853,67.1825
617,61.7000,159.5642,73.9138
618,61.8000,164.7300,55.8336
619,61.9000,153.0087,61.3988
620,62.0000,138.8192,89.1702
621,62.1000,169.7145,58.9688
622,62.2000,128.3405,88.4655
623,62.3000,136.4667,71.6332
624,62.4000,160.1092,58.0079
625,62.5000,154.4756,70.2323
626,62.6000,175.9025,58.5346
627,62.7000,146.4844,72.6612
628,62.8000,149.4395,76.9880
629,62.9000,172.7742,58.1565
630,63.0000,169.6095,58.6653
631,63.1000,141.6945,81.5026
632,63.2000,145.2765,65.9795
633,63.3000,169.6075,58.5784
634,63.4000,162.7110,62.1074
635,63.5000,154.8800,65.5202
636,63.6000,155.0156,74.7720
637,63.7000,149.8559,62.4688
638,63.8000,158.1190,77.3581
639,63.9000,136.3006,79.1107
640,64.0000,156.1481,67.2284
641,64.1000,169.6314,63.5857
642,64.2000,148.7162,70.3227
643,64.3000,176.5530,56.0031
644,64.4000,147.2807,62.5986
645,64.5000,150.1838,66.2290
646,64.6000,146.3067,56.7473
647,64.7000,140.5257,74.1579
648,64.8000,161.0632,60.2680
649,64.9000,170.2574,64.6439
650,65.0000,152.3730,54.7781
651,65.1000,149.8826,55.1615
652,65.2000,173.4814,57.0649
653,65.3000,159.9737,63.0806
654,65.4000,151.4906,64.3251
655,65.5000,159.5671,73.0571
656,65.6000,155.1559,59.5791
657,65.7000,167.7564,53.2249
658,65.8000,143.8554,74.6058
659,65.9000,172.6780,56.6587
660,66.0000,162.2171,61.6384
661,66.1000,149.1879,74.9567
662,66.2000,145.2088,72.2427
663,66.3000,159.5530,65.7509
664,66.4000,168.6022,56.8499
665,66.5000,140.8506,76.4611
666,66.6000,175.0193,55.5595
667,66.7000,147.8318,68.3485
668,66.8000,150.5008,73.0672
669,66.9000,172.0173,57.0684
670,67.0000,123.9814,77.7796
671,67.1000,155.9643,78.5329
672,67.2000,131.9815,73.3315
673,67.3000,147.7418,77.2307
674,67.4000,156.1098,68.0008
675,67.5000,162.9882,61.5919
676,67.6000,145.7078,76.9015
677,67.7000,173.9032,62.2255
678,67.8000,157.9084,70.6983
679,67.9000,145.1162,70.9603
680,68.0000,157.6156,55.1080
681,68.1000,137.5437,83.6555
682,68.2000,164.2282,65.8605
683,68.3000,165.8557,50.7748
684,68.4000,153.6456,75.3355
685,68.5000,174.8563,55.4254
686,68.6000,156.6697,61.9886
687,68.7000,133.1848,78.8443
688,68.8000,164.3092,65.7132
689,68.9000,156.8713,65.1919
690,69.0000,150.7717,62.7049
691,69.1000,170.9280,57.1604
692,69.2000,167.1344,67.8609
693,69.3000,150.3162,68.9635
694,69.4000,147.1567,76.8442
695,69.5000,175.5796,59.1082
696,69.6000,158.4630,65.7601
697,69.7000,145.3990,79.6634
698,69.8000,125.0432,56.8239
699,69.9000,148.1305,73.8015
700,70.0000,146.0631,61.8411
701,70.1000,168.5665,55.3395
702,70.2000,159.0778,69.5265
703,70.3000,165.8040,60.9604
704,70.4000,154.6032,60.1550
705,70.5000,144.4497,65.6357
706,70.6000,175.8128,59.6546
707,70.7000,141.6333,53.1094
708,70.8000,159.0262,66.3334
709,70.9000,158.7811,58.7057
710,71.0000,166.2934,57.8826
711,71.1000,155.4071,73.6182
712,71.2000,152.9485,65.5938
713,71.3000,150.2388,72.7089
714,71.4000,162.3360,56.9334
715,71.5000,168.1142,60.5676
716,71.6000,168.4381,61.4012
717,71.7000,170.6116,61.3000
718,71.8000,163.1781,60.1229
719,71.9000,164.7119,60.6778
720,72.0000,158.8220,62.8368
721,72.1000,163.5429,60.5465
722,72.2000,168.4528,60.0156
723,72.3000,156.3711,61.3862
724,72.4000,163.7444,58.1318
725,72.5000,152.3537,81.1472
726,72.6000,156.8444,66.2827
727,72.7000,163.0188,39.2997
728,72.8000,170.6187,61.6383
729,72.9000,162.3802,64.7168
730,73.0000,143.9353,69.3201
731,73.1000,165.3834,58.7691
732,73.2000,144.4284,71.1391
733,73.3000,165.6130,46.0366
734,73.4000,159.4518,73.1335
735,73.5000,148.3321,69.8537
736,73.6000,161.2751,61.9196
737,73.7000,167.8934,56.3592
738,73.8000,156.1732,69.5448
739,73.9000,151.3442,64.7220
740,74.0000,141.6557,69.2274
741,74.1000,161.1924,72.9218
742,74.2000,161.1735,47.6041
743,74.3000,128.9102,78.5220
744,74.4000,138.4405,69.0241
745,74.5000,154.4853,66.8474
746,74.6000,166.8251,56.2721
747,74.7000,156.1959,64.8998
748,74.8000,169.1810,55.0555
749,74.9000,171.7310,62.0316
750,75.0000,156.2000,59.2319
751,75.1000,165.8315,61.9010
752,75.2000,160.8839,59.6538
753,75.3000,146.5948,73.3283
754,75.4000,162.5012,64.8661
755,75.5000,163.4664,59.6392
756,75.6000,170.2758,62.9036
757,75.7000,146.8799,73.6366
758,75.8000,168.6693,60.3834
759,75.9000,138.6401,58.5151
760,76.0000,161.0350,62.5231
761,76.1000,156.0091,63.8547
762,76.2000,152.8084,61.5173
763,76.3000,169.3463,60.7121
764,76.4000,158.4736,61.5674
765,76.5000,149.5888,65.2448
766,76.6000,160.3952,68.8640
767,76.7000,171.5040,56.3487
768,76.8000,115.7278,84.3084
769,76.9000,151.1455,59.4280
770,77.0000,158.2212,63.1267
771,77.1000,142.3316,62.5185
772,77.2000,157.1924,56.4586
773,77.3000,176.5100,58.7235
774,77.4000,128.8003,71.8109
775,77.5000,140.5013,73.1112
776,77.6000,172.3232,60.3799
777,77.7000,144.5777,67.8637
778,77.8000,153.7822,57.5538
779,77.9000,144.8925,65.9352
780,78.0000,173.9566,54.8782
781,78.1000,162.6954,62.2343
782,78.2000,160.5942,67.5804
783,78.3000,168.9422,63.9955
784,78.4000,162.9803,58.9925
785,78.5000,149.5341,56.3264
786,78.6000,147.8055,68.3195
787,78.7000,154.6441,64.8822
788,78.8000,161.1089,49.8913
789,78.9000,161.3277,77.6560
790,79.0000,169.2430,52.5837
791,79.1000,170.8805,64.2017
792,79.2000,141.9978,58.1733
793,79.3000,154.2899,55.6921
794,79.4000,151.0810,75.0139
795,79.5000,142.5253,72.7751
796,79.6000,141.1702,71.1757
797,79.7000,149.0813,75.8351
798,79.8000,155.8667,61.2743
799,79.9000,154.7056,57.2492
800,80.0000,129.2822,72.4260
801,80.1000,161.6596,64.9891
802,80.2000,151.3460,68.7331
803,80.3000,150.7355,68.9649
804,80.4000,154.0932,66.7779
805,80.5000,160.7307,63.0581
806,80.6000,178.3979,63.1726
807,80.7000,156.2441,71.6205
808,80.8000,160.1620,63.3073
809,80.9000,158.6378,72.3360
810,81.0000,156.6797,61.1506
811,81.1000,167.9936,67.8883
812,81.2000,151.1116,60.2318
813,81.3000,140.6229,72.7564
814,81.4000,152.3913,70.3767
815,81.5000,147.2414,74.5561
816,81.6000,165.4635,65.8886
817,81.7000,150.1178,70.2347
818,81.8000,145.3574,58.5197
819,81.9000,144.3519,74.6215
820,82.0000,172.7797,62.7023
821,82.1000,166.3620,59.0162
822,82.2000,151.8990,60.5319
823,82.3000,170.8418,61.1735
824,82.4000,161.5720,62.3261
825,82.5000,143.9979,60.8889
826,82.6000,171.8043,61.5289
827,82.7000,165.8814,65.4201
828,82.8000,139.2260,71.1591
829,82.9000,149.7529,72.6138
830,83.0000,163.4469,66.4169
831,83.1000,153.4531,71.9262
832,83.2000,171.4628,48.2490
833,83.3000,127.9111,64.1834
834,83.4000,148.1168,65.3984
835,83.5000,176.3606,59.4163
836,83.6000,167.2270,61.7962
837,83.7000,148.8983,73.3274
838,83.8000,141.7889,73.3281
839,83.9000,159.2287,69.6492
840,84.0000,164.4659,58.8548
841,84.1000,151.6798,66.4939
842,84.2000,147.0295,70.2323
843,84.3000,154.8825,56.3923
844,84.4000,164.0371,63.4760
845,84.5000,142.2472,73.7607
846,84.6000,165.7451,56.6549
847,84.7000,157.5660,63.8890
848,84.8000,162.1982,63.2419
849,84.9000,162.0380,65.9595
850,85.0000,142.3431,70.7113
851,85.1000,176.2182,64.8289
852,85.2000,147.5973,56.4118
853,85.3000,154.6315,57.9320
854,85.4000,159.8091,67.4094
855,85.5000,138.5309,68.7051
856,85.6000,173.3107,54.5539
857,85.7000,156.1622,76.3154
858,85.8000,170.7274,57.4004
859,85.9000,143.2429,68.4821
860,86.0000,165.1758,68.6380
861,86.1000,143.5001,61.9751
862,86.2000,150.8335,71.5700
863,86.3000,166.4101,63.8226
864,86.4000,147.2192,43.2208
865,86.5000,158.6121,72.1886
866,86.6000,178.7083,58.9816
867,86.7000,165.9200,63.1971
868,86.8000,172.9215,61.5568
869,86.9000,167.2779,63.8540
870,87.0000,167.1335,58.7437
871,87.1000,158.7076,61.5792
872,87.2000,164.1759,59.5684
873,87.3000,153.1800,66.3615
874,87.4000,156.3937,65.8576
875,87.5000,169.0608,72.5328
876,87.6000,159.5419,68.0975
877,87.7000,163.4948,57.6091
878,87.8000,164.4305,59.4470
879,87.9000,148.2173,73.7850
880,88.0000,134.8099,64.9031
881,88.1000,140.2205,64.6371
882,88.2000,151.6573,71.4738
883,88.3000,151.0192,71.6541
884,88.4000,152.2836,73.8045
885,88.5000,153.1961,63.0395
886,88.6000,178.5040,56.2747
887,88.7000,147.3054,70.6274
888,88.8000,135.3375,69.2331
889,88.9000,155.1413,53.4780
890,89.0000,164.5362,63.9891
891,89.1000,167.0437,65.8148
892,89.2000,151.2940,60.3833
893,89.3000,154.4463,64.4163
894,89.4000,155.1760,67.2136
895,89.5000,172.2132,63.3391
896,89.6000,160.8142,70.6212
897,89.7000,156.7695,51.9381
898,89.8000,147.0042,79.0808
899,89.9000,174.3011,59.6655
900,90.0000,133.9756,74.3270
901,90.1000,144.8817,69.6074
902,90.2000,167.7794,66.4707
903,90.3000,150.5590,69.1505
904,90.4000,163.8442,63.5386
905,90.5000,159.5372,64.4899
906,90.6000,157.7836,68.9012
907,90.7000,153.3682,65.2556
908,90.8000,177.3272,51.5860
909,90.9000,161.6502,50.8584
910,91.0000,151.5540,67.0725
911,91.1000,161.6257,57.4399
912,91.2000,145.7490,69.9780
913,91.3000,137.8370,62.6665
914,91.4000,161.0934,62.2234
915,91.5000,149.8811,58.5744
916,91.6000,152.0199,65.6621
917,91.7000,140.6962,68.9524
918,91.8000,158.2511,70.5074
919,91.9000,171.4901,54.2341
920,92.0000,152.3196,63.2614
921,92.1000,167.4968,62.2545
922,92.2000,149.4824,72.5092
923,92.3000,160.9473,73.4737
924,92.4000,149.5251,72.5499
925,92.5000,155.1176,63.3272
926,92.6000,171.8416,51.9873
927,92.7000,140.6104,83.5806
928,92.8000,149.4672,60.4059
929,92.9000,157.8418,79.3050
930,93.0000,163.4550,63.1426
931,93.1000,137.9722,82.7461
932,93.2000,136.6829,80.3432
933,93.3000,164.8646,58.4827
934,93.4000,172.6847,63.7288
935,93.5000,145.4319,71.7299
936,93.6000,163.8648,63.8900
937,93.7000,160.2317,60.0835
938,93.8000,151.9037,63.7962
939,93.9000,141.1910,67.6229
940,94.0000,161.5269,54.9951
941,94.1000,157.2886,62.9714
942,94.2000,156.5258,70.7114
943,94.3000,145.8537,67.3722
944,94.4000,160.3811,71.5498
945,94.5000,145.2498,69.4938
946,94.6000,155.9050,55.4111
947,94.7000,154.9030,72.3825
948,94.8000,125.5351,86.3207
949,94.9000,144.7315,70.8319
950,95.0000,161.1854,66.5377
951,95.1000,164.7014,64.8427
952,95.2000,150.1376,66.8015
953,95.3000,135.3278,75.5569
954,95.4000,147.1756,75.2167
955,95.5000,173.8867,63.4588
956,95.6000,169.7759,62.8351
957,95.7000,149.2503,89.5797
958,95.8000,143.9465,69.3441
959,95.9000,154.5116,60.8751
960,96.0000,169.9828,53.2836
961,96.1000,163.3969,67.6997
962,96.2000,150.2756,56.8981
963,96.3000,159.9239,65.8253
964,96.4000,161.8327,73.0553
965,96.5000,162.5571,57.3916
966,96.6000,161.9478,57.9808
967,96.7000,147.3385,68.2685
968,96.8000,141.9044,80.8724
969,96.9000,157.2230,64.3456
970,97.0000,150.3942,74.1717
971,97.1000,165.1119,58.8165
972,97.2000,134.3769,85.5787
973,97.3000,159.6200,63.2872
974,97.4000,148.1214,72.9832
975,97.5000,179.0277,59.3665
976,97.6000,168.0149,56.5631
977,97.7000,161.8711,62.4932
978,97.8000,158.1130,64.4239
979,97.9000,164.5154,70.2402
980,98.0000,166.5305,59.6131
981,98.1000,155.0650,65.1024
982,98.2000,158.6427,72.6132
983,98.3000,140.9990,76.2760
984,98.4000,144.1619,75.0405
985,98.5000,161.2379,68.7299
986,98.6000,157.0801,63.0211
987,98.7000,161.2048,64.6975
988,98.8000,170.0963,59.2594
989,98.9000,147.1054,72.7271
990,99.0000,150.2022,69.8269
991,99.1000,169.5872,62.4404
992,99.2000,171.4289,61.2232
993,99.3000,165.3627,62.8336
994,99.4000,153.3457,67.5512
995,99.5000,169.0533,53.7247
996,99.6000,153.7122,76.1261
997,99.7000,145.6090,72.3279
998,99.8000,167.2405,64.8642
999,99.9000,142.1010,83.1420
