frame,time,cluster,rmsd_to_medoid
0,0.0000,2,0.1112
1,0.1000,2,0.1594
2,0.2000,2,0.2165
3,0.3000,2,0.1432
4,0.4000,2,0.1531
5,0.5000,2,0.1795
6,0.6000,2,0.1541
7,0.7000,2,0.1704
8,0.8000,2,0.1871
9,0.9000,2,0.1318
10,1.0000,2,0.1754
11,1.1000,2,0.0000
12,1.2000,2,0.1620
13,1.3000,1,0.2665
14,1.4000,2,0.1934
15,1.5000,2,0.2878
16,1.6000,1,0.1541
17,1.7000,2,0.1718
18,1.8000,2,0.1311
19,1.9000,2,0.2331
20,2.0000,2,0.1186
21,2.1000,2,0.2110
22,2.2000,2,0.1407
23,2.3000,2,0.2214
24,2.4000,2,0.1639
25,2.5000,2,0.1821
26,2.6000,2,0.2580
27,2.7000,2,0.2491
28,2.8000,2,0.0977
29,2.9000,2,0.1914
30,3.0000,2,0.2235
31,3.1000,2,0.3007
32,3.2000,1,0.2360
33,3.3000,2,0.2639
34,3.4000,2,0.2173
35,3.5000,1,0.3431
36,3.6000,1,0.3453
37,3.7000,2,0.2078
38,3.8000,2,0.2766
39,3.9000,2,0.2408
40,4.0000,2,0.1901
41,4.1000,2,0.1055
42,4.2000,1,0.2995
43,4.3000,2,0.2028
44,4.4000,2,0.1690
45,4.5000,2,0.2375
46,4.6000,2,0.2179
47,4.7000,2,0.3669
48,4.8000,2,0.3868
49,4.9000,2,0.2828
50,5.0000,2,0.2671
51,5.1000,2,0.2625
52,5.2000,2,0.2703
53,5.3000,2,0.2758
54,5.4000,2,0.1698
55,5.5000,2,0.3096
56,5.6000,2,0.4744
57,5.7000,2,0.4805
58,5.8000,2,0.4597
59,5.9000,2,0.3816
60,6.0000,2,0.2894
61,6.1000,2,0.1449
62,6.2000,2,0.0979
63,6.3000,2,0.1510
64,6.4000,2,0.2187
65,6.5000,2,0.1874
66,6.6000,2,0.4055
67,6.7000,2,0.3193
68,6.8000,2,0.3387
69,6.9000,2,0.2345
70,7.0000,2,0.1963
71,7.1000,2,0.2152
72,7.2000,2,0.2228
73,7.3000,2,0.3651
74,7.4000,2,0.2773
75,7.5000,2,0.2976
76,7.6000,2,0.1643
77,7.7000,2,0.2532
78,7.8000,2,0.4445
79,7.9000,2,0.4894
80,8.0000,2,0.4122
81,8.1000,2,0.2136
82,8.2000,2,0.2563
83,8.3000,2,0.1727
84,8.4000,2,0.1890
85,8.5000,2,0.1875
86,8.6000,2,0.2204
87,8.7000,2,0.1560
88,8.8000,2,0.1857
89,8.9000,2,0.1674
90,9.0000,2,0.3603
91,9.1000,1,0.1377
92,9.2000,2,0.1320
93,9.3000,2,0.2068
94,9.4000,2,0.2285
95,9.5000,2,0.1314
96,9.6000,1,0.1856
97,9.7000,2,0.3550
98,9.8000,2,0.3066
99,9.9000,2,0.2270
100,10.0000,2,0.1495
101,10.1000,2,0.1007
102,10.2000,2,0.2414
103,10.3000,2,0.3078
104,10.4000,2,0.3099
105,10.5000,2,0.2478
106,10.6000,2,0.2464
107,10.7000,2,0.2966
108,10.8000,2,0.2999
109,10.9000,2,0.2360
110,11.0000,2,0.2496
111,11.1000,2,0.2322
112,11.2000,2,0.2973
113,11.3000,1,0.1998
114,11.4000,2,0.3361
115,11.5000,2,0.3160
116,11.6000,1,0.2811
117,11.7000,1,0.3555
118,11.8000,1,0.2874
119,11.9000,2,0.2943
120,12.0000,2,0.3814
121,12.1000,2,0.3121
122,12.2000,2,0.1706
123,12.3000,2,0.1445
124,12.4000,2,0.2059
125,12.5000,2,0.1534
126,12.6000,2,0.2115
127,12.7000,2,0.1459
128,12.8000,2,0.1137
129,12.9000,2,0.1675
130,13.0000,2,0.2870
131,13.1000,2,0.1909
132,13.2000,2,0.2596
133,13.3000,2,0.2139
134,13.4000,2,0.0998
135,13.5000,2,0.2235
136,13.6000,2,0.2933
137,13.7000,2,0.1835
138,13.8000,2,0.2008
139,13.9000,2,0.1816
140,14.0000,2,0.2230
141,14.1000,2,0.2764
142,14.2000,2,0.1720
143,14.3000,2,0.1984
144,14.4000,2,0.2536
145,14.5000,2,0.1218
146,14.6000,2,0.2493
147,14.7000,2,0.3202
148,14.8000,2,0.2166
149,14.9000,2,0.2036
150,15.0000,2,0.1843
151,15.1000,2,0.2299
152,15.2000,2,0.2722
153,15.3000,2,0.3457
154,15.4000,2,0.1493
155,15.5000,2,0.1906
156,15.6000,2,0.1328
157,15.7000,2,0.1884
158,15.8000,2,0.1536
159,15.9000,2,0.1410
160,16.0000,2,0.2436
161,16.1000,2,0.3196
162,16.2000,2,0.1378
163,16.3000,2,0.2835
164,16.4000,2,0.2139
165,16.5000,2,0.1742
166,16.6000,2,0.2125
167,16.7000,2,0.2277
168,16.8000,2,0.2706
169,16.9000,2,0.3076
170,17.0000,2,0.2282
171,17.1000,2,0.1551
172,17.2000,2,0.1572
173,17.3000,2,0.1933
174,17.4000,2,0.1811
175,17.5000,2,0.2279
176,17.6000,2,0.2318
177,17.7000,2,0.3396
178,17.8000,2,0.4087
179,17.9000,2,0.3180
180,18.0000,2,0.2129
181,18.1000,2,0.2537
182,18.2000,2,0.2636
183,18.3000,2,0.2572
184,18.4000,2,0.2380
185,18.5000,2,0.1827
186,18.6000,2,0.2374
187,18.7000,2,0.2869
188,18.8000,2,0.3407
189,18.9000,2,0.3352
190,19.0000,2,0.4401
191,19.1000,2,0.3897
192,19.2000,2,0.3226
193,19.3000,2,0.4483
194,19.4000,2,0.4478
195,19.5000,2,0.3960
196,19.6000,2,0.3323
197,19.7000,2,0.3589
198,19.8000,2,0.2433
199,19.9000,2,0.2446
200,20.0000,2,0.2102
201,20.1000,2,0.2401
202,20.2000,2,0.1786
203,20.3000,2,0.2381
204,20.4000,2,0.2379
205,20.5000,2,0.2313
206,20.6000,2,0.1430
207,20.7000,2,0.1801
208,20.8000,2,0.2183
209,20.9000,2,0.2509
210,21.0000,2,0.3539
211,21.1000,2,0.3237
212,21.2000,2,0.2092
213,21.3000,2,0.1789
214,21.4000,2,0.2053
215,21.5000,2,0.2422
216,21.6000,2,0.1161
217,21.7000,2,0.2061
218,21.8000,2,0.2348
219,21.9000,2,0.0817
220,22.0000,2,0.2262
221,22.1000,2,0.1996
222,22.2000,2,0.1769
223,22.3000,2,0.2713
224,22.4000,2,0.1943
225,22.5000,2,0.1229
226,22.6000,2,0.1381
227,22.7000,2,0.2081
228,22.8000,2,0.2884
229,22.9000,2,0.2417
230,23.0000,2,0.2321
231,23.1000,2,0.1121
232,23.2000,2,0.2484
233,23.3000,2,0.2425
234,23.4000,2,0.1580
235,23.5000,2,0.1837
236,23.6000,2,0.1398
237,23.7000,2,0.1464
238,23.8000,2,0.1145
239,23.9000,2,0.2367
240,24.0000,2,0.2150
241,24.1000,2,0.2657
242,24.2000,2,0.2432
243,24.3000,2,0.3582
244,24.4000,2,0.2357
245,24.5000,2,0.1053
246,24.6000,2,0.1377
247,24.7000,2,0.1727
248,24.8000,2,0.1912
249,24.9000,2,0.2176
250,25.0000,2,0.3158
251,25.1000,2,0.1654
252,25.2000,2,0.2589
253,25.3000,2,0.1540
254,25.4000,2,0.1158
255,25.5000,2,0.3937
256,25.6000,2,0.4872
257,25.7000,2,0.4775
258,25.8000,2,0.3694
259,25.9000,2,0.3542
260,26.0000,2,0.2337
261,26.1000,2,0.2999
262,26.2000,2,0.3180
263,26.3000,2,0.2670
264,26.4000,2,0.2427
265,26.5000,2,0.2145
266,26.6000,2,0.2545
267,26.7000,2,0.2022
268,26.8000,2,0.2352
269,26.9000,2,0.4340
270,27.0000,2,0.2388
271,27.1000,2,0.1969
272,27.2000,2,0.1998
273,27.3000,2,0.1150
274,27.4000,2,0.2027
275,27.5000,2,0.3125
276,27.6000,2,0.2091
277,27.7000,2,0.1770
278,27.8000,2,0.1458
279,27.9000,2,0.3544
280,28.0000,2,0.3626
281,28.1000,2,0.2073
282,28.2000,2,0.1552
283,28.3000,2,0.2026
284,28.4000,2,0.1377
285,28.5000,2,0.2345
286,28.6000,2,0.2552
287,28.7000,2,0.2673
288,28.8000,2,0.1290
289,28.9000,2,0.1985
290,29.0000,2,0.1861
291,29.1000,2,0.2411
292,29.2000,2,0.1888
293,29.3000,2,0.2259
294,29.4000,2,0.3001
295,29.5000,2,0.1829
296,29.6000,2,0.1875
297,29.7000,2,0.1535
298,29.8000,2,0.2794
299,29.9000,2,0.2200
300,30.0000,2,0.1245
301,30.1000,2,0.2336
302,30.2000,2,0.2196
303,30.3000,2,0.1403
304,30.4000,2,0.2651
305,30.5000,2,0.2158
306,30.6000,2,0.1902
307,30.7000,2,0.1295
308,30.8000,2,0.0990
309,30.9000,2,0.2203
310,31.0000,2,0.2396
311,31.1000,2,0.1645
312,31.2000,2,0.1628
313,31.3000,2,0.2350
314,31.4000,2,0.2719
315,31.5000,2,0.2594
316,31.6000,2,0.2464
317,31.7000,2,0.2067
318,31.8000,2,0.1926
319,31.9000,2,0.1272
320,32.0000,2,0.1811
321,32.1000,2,0.1739
322,32.2000,2,0.1505
323,32.3000,2,0.2194
324,32.4000,2,0.3278
325,32.5000,2,0.3264
326,32.6000,2,0.2474
327,32.7000,2,0.1935
328,32.8000,2,0.1407
329,32.9000,2,0.2257
330,33.0000,2,0.2347
331,33.1000,2,0.2619
332,33.2000,2,0.2568
333,33.3000,2,0.2296
334,33.4000,2,0.2120
335,33.5000,2,0.3152
336,33.6000,2,0.2133
337,33.7000,2,0.2548
338,33.8000,2,0.2739
339,33.9000,2,0.2093
340,34.0000,2,0.2243
341,34.1000,2,0.1814
342,34.2000,2,0.3150
343,34.3000,2,0.2923
344,34.4000,2,0.4017
345,34.5000,2,0.3894
346,34.6000,2,0.2137
347,34.7000,2,0.1402
348,34.8000,2,0.1103
349,34.9000,2,0.2556
350,35.0000,2,0.2702
351,35.1000,2,0.1844
352,35.2000,2,0.1246
353,35.3000,2,0.1244
354,35.4000,2,0.1905
355,35.5000,2,0.2144
356,35.6000,2,0.2115
357,35.7000,2,0.2340
358,35.8000,2,0.2336
359,35.9000,2,0.2091
360,36.0000,2,0.2007
361,36.1000,2,0.2947
362,36.2000,2,0.3228
363,36.3000,2,0.2075
364,36.4000,2,0.2266
365,36.5000,2,0.3106
366,36.6000,2,0.2708
367,36.7000,2,0.1402
368,36.8000,2,0.1834
369,36.9000,2,0.1118
370,37.0000,2,0.1952
371,37.1000,2,0.1993
372,37.2000,2,0.2465
373,37.3000,2,0.1153
374,37.4000,2,0.1946
375,37.5000,2,0.2310
376,37.6000,2,0.1376
377,37.7000,2,0.3046
378,37.8000,2,0.3091
379,37.9000,2,0.1300
380,38.0000,2,0.1545
381,38.1000,2,0.2871
382,38.2000,2,0.2437
383,38.3000,2,0.3409
384,38.4000,2,0.3570
385,38.5000,2,0.3655
386,38.6000,2,0.2543
387,38.7000,2,0.2172
388,38.8000,2,0.2031
389,38.9000,2,0.1554
390,39.0000,2,0.2064
391,39.1000,2,0.1345
392,39.2000,2,0.2067
393,39.3000,2,0.3015
394,39.4000,2,0.3226
395,39.5000,2,0.2797
396,39.6000,2,0.1811
397,39.7000,2,0.3017
398,39.8000,2,0.2445
399,39.9000,2,0.1794
400,40.0000,2,0.2345
401,40.1000,2,0.2257
402,40.2000,2,0.2178
403,40.3000,2,0.2411
404,40.4000,2,0.1910
405,40.5000,2,0.1790
406,40.6000,2,0.2444
407,40.7000,2,0.2306
408,40.8000,2,0.1830
409,40.9000,2,0.1822
410,41.0000,2,0.2617
411,41.1000,2,0.2040
412,41.2000,2,0.2255
413,41.3000,2,0.1288
414,41.4000,2,0.1601
415,41.5000,2,0.1832
416,41.6000,2,0.1865
417,41.7000,2,0.1685
418,41.8000,2,0.1521
419,41.9000,2,0.1520
420,42.0000,2,0.1769
421,42.1000,2,0.2125
422,42.2000,2,0.2417
423,42.3000,2,0.2574
424,42.4000,2,0.2223
425,42.5000,2,0.2028
426,42.6000,2,0.2178
427,42.7000,2,0.2315
428,42.8000,2,0.2665
429,42.9000,2,0.1338
430,43.0000,2,0.1116
431,43.1000,2,0.1997
432,43.2000,2,0.2688
433,43.3000,2,0.1995
434,43.4000,2,0.1820
435,43.5000,2,0.1604
436,43.6000,2,0.1452
437,43.7000,2,0.1528
438,43.8000,2,0.3782
439,43.9000,2,0.3159
440,44.0000,2,0.2701
441,44.1000,2,0.1298
442,44.2000,2,0.1539
443,44.3000,2,0.2361
444,44.4000,2,0.1990
445,44.5000,2,0.1342
446,44.6000,2,0.1304
447,44.7000,2,0.2052
448,44.8000,2,0.1831
449,44.9000,2,0.1534
450,45.0000,2,0.1353
451,45.1000,2,0.1695
452,45.2000,2,0.1706
453,45.3000,2,0.1294
454,45.4000,2,0.2340
455,45.5000,2,0.1591
456,45.6000,2,0.1494
457,45.7000,2,0.2589
458,45.8000,2,0.1642
459,45.9000,2,0.1695
460,46.0000,2,0.0930
461,46.1000,2,0.1968
462,46.2000,2,0.1631
463,46.3000,2,0.1817
464,46.4000,2,0.1033
465,46.5000,2,0.2558
466,46.6000,2,0.2504
467,46.7000,2,0.1478
468,46.8000,2,0.2000
469,46.9000,2,0.1356
470,47.0000,2,0.1723
471,47.1000,2,0.1824
472,47.2000,2,0.1137
473,47.3000,2,0.1750
474,47.4000,1,0.2035
475,47.5000,2,0.3059
476,47.6000,2,0.2205
477,47.7000,2,0.2146
478,47.8000,2,0.2973
479,47.9000,2,0.2425
480,48.0000,2,0.2222
481,48.1000,2,0.1422
482,48.2000,2,0.1656
483,48.3000,2,0.1417
484,48.4000,2,0.1647
485,48.5000,2,0.1611
486,48.6000,2,0.1264
487,48.7000,2,0.1452
488,48.8000,2,0.2644
489,48.9000,2,0.1828
490,49.0000,1,0.2121
491,49.1000,2,0.1366
492,49.2000,2,0.1516
493,49.3000,2,0.1633
494,49.4000,2,0.1702
495,49.5000,2,0.1453
496,49.6000,2,0.2093
497,49.7000,2,0.2337
498,49.8000,2,0.1072
499,49.9000,2,0.1419
500,50.0000,2,0.2067
501,50.1000,2,0.1837
502,50.2000,2,0.1560
503,50.3000,2,0.1312
504,50.4000,2,0.2199
505,50.5000,2,0.1941
506,50.6000,2,0.2581
507,50.7000,1,0.2356
508,50.8000,2,0.2616
509,50.9000,2,0.2440
510,51.0000,2,0.3102
511,51.1000,2,0.2259
512,51.2000,2,0.2370
513,51.3000,1,0.2055
514,51.4000,2,0.2144
515,51.5000,2,0.2573
516,51.6000,2,0.1893
517,51.7000,2,0.1265
518,51.8000,2,0.1352
519,51.9000,2,0.3326
520,52.0000,1,0.2681
521,52.1000,2,0.1820
522,52.2000,2,0.2934
523,52.3000,2,0.1401
524,52.4000,2,0.2038
525,52.5000,2,0.2323
526,52.6000,2,0.2227
527,52.7000,2,0.2088
528,52.8000,2,0.1806
529,52.9000,2,0.1374
530,53.0000,2,0.2513
531,53.1000,2,0.1592
532,53.2000,2,0.0929
533,53.3000,2,0.1564
534,53.4000,2,0.1764
535,53.5000,2,0.1168
536,53.6000,2,0.1735
537,53.7000,2,0.2030
538,53.8000,2,0.1664
539,53.9000,2,0.1758
540,54.0000,2,0.2340
541,54.1000,2,0.2036
542,54.2000,2,0.2534
543,54.3000,2,0.1102
544,54.4000,2,0.1400
545,54.5000,2,0.1771
546,54.6000,2,0.2427
547,54.7000,2,0.2866
548,54.8000,2,0.1508
549,54.9000,2,0.1941
550,55.0000,2,0.2333
551,55.1000,2,0.3098
552,55.2000,2,0.1873
553,55.3000,2,0.2027
554,55.4000,2,0.2140
555,55.5000,1,0.1870
556,55.6000,2,0.1885
557,55.7000,2,0.2404
558,55.8000,2,0.0970
559,55.9000,2,0.1234
560,56.0000,2,0.3179
561,56.1000,1,0.2845
562,56.2000,1,0.2443
563,56.3000,2,0.2682
564,56.4000,2,0.2349
565,56.5000,2,0.1985
566,56.6000,2,0.2585
567,56.7000,2,0.1969
568,56.8000,1,0.1830
569,56.9000,2,0.2538
570,57.0000,1,0.2411
571,57.1000,1,0.1764
572,57.2000,2,0.2730
573,57.3000,1,0.1976
574,57.4000,2,0.2579
575,57.5000,2,0.2147
576,57.6000,2,0.1724
577,57.7000,2,0.1280
578,57.8000,1,0.2746
579,57.9000,1,0.2042
580,58.0000,1,0.1809
581,58.1000,1,0.1326
582,58.2000,1,0.2858
583,58.3000,1,0.1770
584,58.4000,1,0.2188
585,58.5000,1,0.3711
586,58.6000,1,0.3013
587,58.7000,1,0.2073
588,58.8000,1,0.1535
589,58.9000,2,0.2333
590,59.0000,1,0.2373
591,59.1000,2,0.2606
592,59.2000,1,0.2764
593,59.3000,1,0.3478
594,59.4000,1,0.2420
595,59.5000,1,0.1478
596,59.6000,1,0.2342
597,59.7000,1,0.2316
598,59.8000,1,0.2818
599,59.9000,1,0.1637
600,60.0000,1,0.1473
601,60.1000,1,0.2000
602,60.2000,1,0.1830
603,60.3000,1,0.2644
604,60.4000,1,0.3081
605,60.5000,1,0.1362
606,60.6000,1,0.2032
607,60.7000,1,0.1808
608,60.8000,2,0.1719
609,60.9000,2,0.3843
610,61.0000,1,0.2268
611,61.1000,2,0.2323
612,61.2000,1,0.3155
613,61.3000,2,0.4025
614,61.4000,1,0.4959
615,61.5000,1,0.2763
616,61.6000,1,0.1947
617,61.7000,2,0.2712
618,61.8000,1,0.2509
619,61.9000,1,0.2688
620,62.0000,2,0.2455
621,62.1000,3,0.0000
622,62.2000,2,0.2132
623,62.3000,2,0.3083
624,62.4000,1,0.2121
625,62.5000,1,0.1257
626,62.6000,1,0.1907
627,62.7000,1,0.1263
628,62.8000,1,0.2092
629,62.9000,1,0.1941
630,63.0000,1,0.1679
631,63.1000,2,0.1520
632,63.2000,2,0.2693
633,63.3000,1,0.3366
634,63.4000,1,0.4286
635,63.5000,1,0.3872
636,63.6000,1,0.2225
637,63.7000,1,0.1583
638,63.8000,1,0.2179
639,63.9000,1,0.1999
640,64.0000,1,0.2106
641,64.1000,1,0.1857
642,64.2000,1,0.1586
643,64.3000,1,0.1096
644,64.4000,1,0.1948
645,64.5000,2,0.2621
646,64.6000,1,0.2064
647,64.7000,1,0.1085
648,64.8000,1,0.1886
649,64.9000,1,0.2574
650,65.0000,1,0.1436
651,65.1000,1,0.1645
652,65.2000,1,0.2431
653,65.3000,1,0.1438
654,65.4000,1,0.3191
655,65.5000,1,0.3935
656,65.6000,1,0.1660
657,65.7000,1,0.1812
658,65.8000,1,0.2811
659,65.9000,2,0.2880
660,66.0000,2,0.2920
661,66.1000,2,0.3289
662,66.2000,1,0.1686
663,66.3000,1,0.2102
664,66.4000,1,0.2368
665,66.5000,1,0.2359
666,66.6000,1,0.1894
667,66.7000,1,0.2264
668,66.8000,1,0.1739
669,66.9000,1,0.1944
670,67.0000,2,0.2050
671,67.1000,2,0.2076
672,67.2000,2,0.1691
673,67.3000,2,0.2742
674,67.4000,1,0.1810
675,67.5000,1,0.3190
676,67.6000,1,0.2414
677,67.7000,2,0.2734
678,67.8000,1,0.2796
679,67.9000,1,0.2637
680,68.0000,1,0.2095
681,68.1000,1,0.3455
682,68.2000,2,0.2948
683,68.3000,1,0.1678
684,68.4000,1,0.1709
685,68.5000,1,0.1561
686,68.6000,1,0.1388
687,68.7000,1,0.1728
688,68.8000,1,0.1589
689,68.9000,1,0.2560
690,69.0000,2,0.3028
691,69.1000,1,0.2520
692,69.2000,1,0.3712
693,69.3000,1,0.4097
694,69.4000,1,0.2586
695,69.5000,2,0.2470
696,69.6000,1,0.2047
697,69.7000,1,0.1993
698,69.8000,1,0.2403
699,69.9000,1,0.1807
700,70.0000,1,0.2237
701,70.1000,1,0.1552
702,70.2000,1,0.2460
703,70.3000,1,0.2092
704,70.4000,2,0.2950
705,70.5000,1,0.2125
706,70.6000,1,0.2958
707,70.7000,1,0.2339
708,70.8000,1,0.1707
709,70.9000,1,0.2083
710,71.0000,1,0.1228
711,71.1000,1,0.1857
712,71.2000,1,0.1928
713,71.3000,1,0.1462
714,71.4000,1,0.1325
715,71.5000,1,0.1541
716,71.6000,1,0.1300
717,71.7000,1,0.1532
718,71.8000,1,0.1369
719,71.9000,1,0.2175
720,72.0000,1,0.2199
721,72.1000,1,0.2651
722,72.2000,1,0.2803
723,72.3000,1,0.2657
724,72.4000,1,0.2376
725,72.5000,1,0.1539
726,72.6000,1,0.1224
727,72.7000,1,0.1749
728,72.8000,1,0.3238
729,72.9000,1,0.3775
730,73.0000,1,0.2223
731,73.1000,1,0.1185
732,73.2000,1,0.3224
733,73.3000,1,0.2675
734,73.4000,1,0.1952
735,73.5000,1,0.2373
736,73.6000,1,0.1622
737,73.7000,1,0.2146
738,73.8000,1,0.2759
739,73.9000,1,0.2310
740,74.0000,1,0.1171
741,74.1000,1,0.1795
742,74.2000,1,0.2437
743,74.3000,1,0.1761
744,74.4000,1,0.1117
745,74.5000,1,0.2036
746,74.6000,2,0.2955
747,74.7000,2,0.3016
748,74.8000,1,0.2267
749,74.9000,1,0.2064
750,75.0000,2,0.2603
751,75.1000,1,0.2012
752,75.2000,1,0.2234
753,75.3000,1,0.1296
754,75.4000,1,0.1384
755,75.5000,1,0.1963
756,75.6000,2,0.2983
757,75.7000,2,0.2797
758,75.8000,2,0.3204
759,75.9000,2,0.3340
760,76.0000,1,0.1484
761,76.1000,1,0.1883
762,76.2000,1,0.1166
763,76.3000,1,0.2092
764,76.4000,1,0.1964
765,76.5000,1,0.1244
766,76.6000,2,0.0855
767,76.7000,2,0.1196
768,76.8000,2,0.2183
769,76.9000,1,0.1851
770,77.0000,1,0.1620
771,77.1000,2,0.1984
772,77.2000,1,0.2066
773,77.3000,1,0.1878
774,77.4000,1,0.1920
775,77.5000,1,0.2026
776,77.6000,1,0.1454
777,77.7000,1,0.1415
778,77.8000,1,0.1190
779,77.9000,1,0.2099
780,78.0000,1,0.2014
781,78.1000,1,0.3243
782,78.2000,1,0.2456
783,78.3000,1,0.2163
784,78.4000,1,0.2489
785,78.5000,1,0.1647
786,78.6000,1,0.2006
787,78.7000,1,0.1554
788,78.8000,1,0.1168
789,78.9000,1,0.1555
790,79.0000,1,0.1558
791,79.1000,1,0.0966
792,79.2000,1,0.2215
793,79.3000,1,0.2496
794,79.4000,1,0.1833
795,79.5000,1,0.1350
796,79.6000,1,0.1751
797,79.7000,1,0.2837
798,79.8000,1,0.2935
799,79.9000,1,0.2204
800,80.0000,1,0.2706
801,80.1000,1,0.1729
802,80.2000,1,0.2008
803,80.3000,1,0.2008
804,80.4000,1,0.2177
805,80.5000,1,0.2827
806,80.6000,1,0.2480
807,80.7000,1,0.2292
808,80.8000,1,0.1818
809,80.9000,1,0.0922
810,81.0000,1,0.2173
811,81.1000,1,0.2447
812,81.2000,1,0.1779
813,81.3000,1,0.1794
814,81.4000,1,0.2098
815,81.5000,1,0.1986
816,81.6000,1,0.2618
817,81.7000,1,0.3147
818,81.8000,1,0.1274
819,81.9000,1,0.2101
820,82.0000,1,0.1722
821,82.1000,1,0.1711
822,82.2000,1,0.2476
823,82.3000,1,0.1317
824,82.4000,1,0.1709
825,82.5000,1,0.1486
826,82.6000,1,0.2261
827,82.7000,1,0.2320
828,82.8000,1,0.1840
829,82.9000,1,0.1304
830,83.0000,1,0.1142
831,83.1000,2,0.3515
832,83.2000,1,0.1751
833,83.3000,1,0.1054
834,83.4000,1,0.1386
835,83.5000,1,0.2146
836,83.6000,1,0.1495
837,83.7000,1,0.3059
838,83.8000,1,0.1782
839,83.9000,1,0.2020
840,84.0000,1,0.2068
841,84.1000,1,0.1738
842,84.2000,1,0.2292
843,84.3000,1,0.1835
844,84.4000,1,0.1864
845,84.5000,1,0.3088
846,84.6000,1,0.2885
847,84.7000,1,0.1584
848,84.8000,1,0.1260
849,84.9000,1,0.1543
850,85.0000,1,0.1524
851,85.1000,2,0.2828
852,85.2000,1,0.2231
853,85.3000,1,0.2747
854,85.4000,1,0.2992
855,85.5000,1,0.3129
856,85.6000,1,0.2628
857,85.7000,1,0.2095
858,85.8000,1,0.3080
859,85.9000,1,0.2725
860,86.0000,1,0.2911
861,86.1000,1,0.3609
862,86.2000,1,0.3904
863,86.3000,1,0.2381
864,86.4000,1,0.2703
865,86.5000,1,0.2745
866,86.6000,1,0.2023
867,86.7000,1,0.1644
868,86.8000,1,0.2606
869,86.9000,1,0.2957
870,87.0000,1,0.3214
871,87.1000,1,0.2736
872,87.2000,1,0.2030
873,87.3000,1,0.1978
874,87.4000,1,0.2994
875,87.5000,1,0.3648
876,87.6000,1,0.3540
877,87.7000,1,0.2322
878,87.8000,1,0.2414
879,87.9000,1,0.1725
880,88.0000,1,0.2335
881,88.1000,1,0.2993
882,88.2000,1,0.2558
883,88.3000,1,0.3834
884,88.4000,1,0.2151
885,88.5000,1,0.2582
886,88.6000,1,0.2394
887,88.7000,1,0.2729
888,88.8000,1,0.2009
889,88.9000,1,0.2253
890,89.0000,1,0.2574
891,89.1000,1,0.1460
892,89.2000,1,0.3159
893,89.3000,1,0.3406
894,89.4000,1,0.2533
895,89.5000,1,0.2221
896,89.6000,1,0.1707
897,89.7000,1,0.1893
898,89.8000,1,0.2654
899,89.9000,1,0.1120
900,90.0000,1,0.2092
901,90.1000,1,0.1568
902,90.2000,1,0.1187
903,90.3000,1,0.0000
904,90.4000,1,0.1750
905,90.5000,1,0.2454
906,90.6000,1,0.2393
907,90.7000,1,0.2380
908,90.8000,1,0.1653
909,90.9000,1,0.1519
910,91.0000,1,0.1667
911,91.1000,1,0.2896
912,91.2000,1,0.2470
913,91.3000,1,0.2084
914,91.4000,1,0.2396
915,91.5000,1,0.2756
916,91.6000,1,0.2144
917,91.7000,1,0.1837
918,91.8000,1,0.2334
919,91.9000,1,0.1875
920,92.0000,1,0.2449
921,92.1000,1,0.1693
922,92.2000,1,0.2013
923,92.3000,1,0.0775
924,92.4000,1,0.2039
925,92.5000,1,0.2596
926,92.6000,1,0.1519
927,92.7000,1,0.1758
928,92.8000,1,0.1587
929,92.9000,1,0.1525
930,93.0000,1,0.2716
931,93.1000,1,0.1504
932,93.2000,1,0.2838
933,93.3000,1,0.2590
934,93.4000,1,0.1396
935,93.5000,1,0.1787
936,93.6000,1,0.2061
937,93.7000,1,0.1982
938,93.8000,1,0.4182
939,93.9000,1,0.2734
940,94.0000,1,0.3497
941,94.1000,1,0.3278
942,94.2000,1,0.2073
943,94.3000,1,0.2475
944,94.4000,1,0.2745
945,94.5000,1,0.1112
946,94.6000,1,0.2572
947,94.7000,1,0.2769
948,94.8000,1,0.1682
949,94.9000,1,0.2463
950,95.0000,1,0.1809
951,95.1000,1,0.2593
952,95.2000,1,0.2788
953,95.3000,1,0.3015
954,95.4000,1,0.1927
955,95.5000,1,0.2847
956,95.6000,1,0.3403
957,95.7000,1,0.1008
958,95.8000,1,0.1568
959,95.9000,1,0.1622
960,96.0000,1,0.2117
961,96.1000,1,0.2266
962,96.2000,1,0.2627
963,96.3000,1,0.3120
964,96.4000,1,0.1749
965,96.5000,1,0.1322
966,96.6000,1,0.2126
967,96.7000,1,0.2010
968,96.8000,1,0.2352
969,96.9000,1,0.3057
970,97.0000,1,0.2673
971,97.1000,1,0.1592
972,97.2000,1,0.2965
973,97.3000,1,0.4192
974,97.4000,1,0.2720
975,97.5000,1,0.3489
976,97.6000,1,0.3355
977,97.7000,1,0.2583
978,97.8000,1,0.3120
979,97.9000,1,0.4028
980,98.0000,1,0.2550
981,98.1000,1,0.3267
982,98.2000,1,0.2670
983,98.3000,1,0.2023
984,98.4000,1,0.2435
985,98.5000,1,0.3029
986,98.6000,1,0.3833
987,98.7000,1,0.3759
988,98.8000,1,0.2446
989,98.9000,1,0.2212
990,99.0000,1,0.2610
991,99.1000,1,0.3246
992,99.2000,1,0.3137
993,99.3000,1,0.1754
994,99.4000,1,0.2814
995,99.5000,1,0.3407
996,99.6000,1,0.1860
997,99.7000,1,0.3385
998,99.8000,1,0.3088
999,99.9000,1,0.2182
