frame,time,d_OD1_HH12,d_OD2_HH12,d_HH12_NH1,d_HH12_Ow,d_saltbridge,d_OD2_NH2,d_OD1_NH1,d_CG_CZ,d_Ow_OD2,d_OD1_TYR115,d_OD1_water,d_TRH_C1_O1
0,0.0000,5.2458,3.1538,4.6916,0.9864,3.9775,3.9775,5.9167,5.5483,2.5544,2.6731,2.6245,3.1402
1,0.1000,4.7916,2.6880,5.0951,0.9485,4.1433,4.1433,6.1782,5.6792,2.5868,2.7569,2.6972,3.0141
2,0.2000,4.7308,2.9325,4.6300,0.9500,4.5170,4.5170,5.9411,5.7678,2.5630,3.0153,2.8094,3.2726
3,0.3000,4.9743,2.8462,4.9869,0.9783,4.6159,4.6159,6.2797,5.9127,2.6586,2.8136,2.5524,3.0918
4,0.4000,5.2275,3.0993,4.7427,0.9705,4.3937,4.3937,6.5458,5.8742,2.6878,2.6702,2.7117,3.1835
5,0.5000,5.1066,3.0726,5.3206,0.9769,4.2073,4.2073,6.3949,5.7551,2.6715,2.8456,2.7923,3.1639
6,0.6000,4.9841,3.0010,4.5788,0.9834,4.2915,4.2915,5.8615,5.6688,2.6654,2.8984,2.5991,3.2128
7,0.7000,4.6771,2.6277,4.7461,0.9790,4.1239,4.1239,5.7664,5.5795,2.4644,2.8553,2.6857,3.2380
8,0.8000,4.7438,2.7322,4.9584,0.9582,4.4533,4.4533,5.8998,5.7969,2.5933,2.6851,2.6979,3.1421
9,0.9000,5.0160,2.9924,4.9114,0.9838,4.4132,4.4132,6.3323,5.9298,2.7199,2.6941,2.7275,3.2294
10,1.0000,4.9339,2.8583,5.1652,0.9972,4.6290,4.6290,6.2554,5.8610,2.6247,2.7237,2.7624,3.0151
11,1.1000,4.9603,2.8607,5.1003,0.9647,4.1990,4.1990,6.1497,5.7354,2.6189,2.6330,2.6340,3.1824
12,1.2000,4.9543,2.8756,5.2140,0.9550,4.1074,4.1074,6.2274,5.5868,2.5850,2.7375,2.5355,2.8878
13,1.3000,5.1071,3.0164,5.1083,1.0074,4.0584,4.0584,6.4614,5.7450,2.5967,2.8469,2.8745,3.0772
14,1.4000,5.0944,3.1222,4.9611,0.9718,4.6455,4.6455,6.3129,6.0297,2.7651,2.6636,2.7776,3.1197
15,1.5000,4.9831,2.8963,5.1826,0.9602,4.9373,4.9373,6.3162,6.2021,2.6291,2.9161,2.6422,3.0969
16,1.6000,4.7618,2.7132,4.8551,0.9987,4.4882,4.4882,6.3890,6.2654,2.4988,3.0375,2.6549,2.8983
17,1.7000,4.5057,2.4711,4.7148,0.9692,4.4614,4.4614,6.1231,5.9384,2.4339,2.8356,2.6564,3.2964
18,1.8000,5.0469,2.8936,4.8138,0.9533,4.4045,4.4045,6.2338,5.8983,2.6171,2.5903,2.6132,3.1207
19,1.9000,5.3804,3.4087,4.6929,0.9893,4.2744,4.2744,6.1894,5.9286,2.9520,2.7125,2.5968,3.1516
20,2.0000,5.1082,2.9962,4.9610,0.9907,4.2958,4.2958,5.9402,5.7338,2.7305,2.8758,2.6702,2.9719
21,2.1000,4.8794,2.9243,4.9348,0.9781,4.7887,4.7887,5.8353,5.8202,2.6619,3.0539,2.7629,3.0114
22,2.2000,5.2371,3.2009,4.9341,0.9491,4.3881,4.3881,6.2062,5.7966,2.7427,2.7245,2.6350,2.9572
23,2.3000,5.5293,3.2432,5.1686,0.9888,4.2260,4.2260,6.6665,5.7922,2.8494,2.7277,2.6140,3.2814
24,2.4000,5.1630,3.0521,5.2736,0.9905,4.4241,4.4241,6.5600,6.0785,2.6465,2.7219,2.5637,3.1215
25,2.5000,4.8226,2.6008,5.1128,0.9495,4.1468,4.1468,6.4316,5.8717,2.5058,2.8308,2.6292,3.0115
26,2.6000,4.8004,3.0112,4.8510,0.9476,4.6332,4.6332,6.0698,5.8541,2.5836,2.5532,2.5579,3.1867
27,2.7000,4.5579,2.6710,4.6509,0.9882,4.8204,4.8204,6.3079,5.9947,2.6369,2.7582,2.7087,3.3841
28,2.8000,5.0514,2.8058,5.1779,0.9907,4.0853,4.0853,6.2211,5.7444,2.6074,2.6243,2.8928,3.2462
29,2.9000,5.0166,3.0938,4.7695,0.9527,4.2282,4.2282,6.0511,5.6646,2.6209,2.6591,2.6088,3.0864
30,3.0000,4.7769,2.9418,4.9156,0.9678,4.2100,4.2100,6.1364,5.8119,2.7228,2.8043,2.7074,3.3885
31,3.1000,4.8546,3.1035,4.8395,1.0062,4.9222,4.9222,6.0992,6.0629,2.7597,2.6300,2.6643,3.1956
32,3.2000,5.1921,3.1613,4.7626,0.9615,4.9407,4.9407,6.6340,6.3983,2.9146,2.6559,2.7257,3.0477
33,3.3000,5.0717,2.8843,5.4860,0.9559,4.6630,4.6630,6.8349,6.2941,2.6281,2.6371,2.6256,3.2402
34,3.4000,5.5550,3.3439,5.7844,0.9968,4.8444,4.8444,6.2812,6.0675,2.7230,2.5672,2.5556,3.1717
35,3.5000,4.9960,2.9684,5.9209,0.9411,3.8547,3.8547,6.3382,5.6324,2.6994,2.7063,2.5408,3.0057
36,3.6000,5.0256,3.1313,6.8575,0.9669,3.9171,3.9171,6.2078,5.6614,2.5364,2.7631,2.7498,3.3678
37,3.7000,4.9881,3.1919,6.9260,0.9741,4.5305,4.5305,6.6060,5.9657,2.6687,2.7543,2.7329,3.2818
38,3.8000,4.9421,3.1945,6.4721,0.9955,4.4774,4.4774,6.7459,5.9401,2.5352,2.6588,2.6032,3.6192
39,3.9000,5.2517,3.2915,6.3683,0.9762,4.1804,4.1804,6.7607,5.8544,2.6185,2.6074,2.8694,3.4560
40,4.0000,5.0358,2.9577,6.1935,0.9779,4.3715,4.3715,6.0391,5.6319,2.6701,2.6281,2.6738,3.2069
41,4.1000,5.5771,3.3483,5.7845,0.9475,4.3112,4.3112,6.2008,5.8591,2.6420,2.6596,2.5876,3.3917
42,4.2000,4.9088,2.7263,4.7950,0.9147,4.0317,4.0317,6.5559,5.8332,2.7487,2.7613,2.5633,3.3179
43,4.3000,4.9663,2.9923,4.7107,0.9067,4.3230,4.3230,6.3114,5.6934,2.5851,2.8667,2.5645,3.1549
44,4.4000,4.6150,2.7043,4.3241,1.0351,4.4123,4.4123,5.8933,5.6613,2.6149,2.6585,2.6979,2.8747
45,4.5000,5.0165,3.0234,4.7326,1.0022,3.8555,3.8555,5.6617,5.3606,2.6400,2.7852,2.8108,3.2187
46,4.6000,4.8668,2.6646,5.0350,0.9826,3.7942,3.7942,6.0027,5.4215,2.7013,2.6909,2.7140,3.1254
47,4.7000,4.9713,2.9301,4.6462,0.9434,3.7828,3.7828,5.8233,5.1933,2.5550,2.6410,2.4398,3.1765
48,4.8000,4.9503,2.8605,5.0740,0.9677,3.5873,3.5873,5.8567,5.0492,2.7069,2.6549,2.6419,3.1653
49,4.9000,5.2308,3.0538,4.6613,0.9973,3.5203,3.5203,5.8614,5.2290,2.6983,2.6190,2.5695,3.2395
50,5.0000,4.7980,2.8838,4.6844,1.0063,4.2682,4.2682,5.9672,5.6124,2.7243,2.7536,2.9583,3.3361
51,5.1000,4.7888,2.9306,4.7268,0.9684,4.2556,4.2556,5.6637,5.5471,2.6369,2.6221,3.1193,3.1732
52,5.2000,4.8585,2.9098,4.8258,0.9728,4.2926,4.2926,6.0771,5.8348,2.6265,3.0000,2.8419,3.0311
53,5.3000,4.8631,2.8732,5.0487,0.9698,4.5757,4.5757,6.1945,5.7690,2.7063,2.8837,2.5248,3.0282
54,5.4000,4.9301,2.7989,4.8708,0.9779,4.2960,4.2960,5.7569,5.6429,2.6398,2.6785,2.7664,3.2548
55,5.5000,5.1877,2.9224,4.8938,0.9800,3.6788,3.6788,5.6381,5.1474,2.6556,2.7409,2.8138,3.2301
56,5.6000,5.1515,2.9516,5.0460,0.9769,3.0616,3.0616,5.7648,4.8932,2.6805,3.0313,2.7762,3.3156
57,5.7000,4.8185,2.5845,4.9312,0.9790,3.1801,3.1801,5.4579,4.7988,2.5858,2.6698,2.6057,3.2359
58,5.8000,4.9928,2.8818,4.7653,1.0012,3.8407,3.8407,4.9623,4.9201,2.6117,2.8682,2.6501,3.2211
59,5.9000,4.7302,2.6664,4.5757,0.9694,3.9646,3.9646,5.0201,5.0181,2.7361,2.8508,2.5516,2.9283
60,6.0000,5.2843,3.0756,4.6559,0.9664,4.2015,4.2015,5.6097,5.2732,2.6728,2.6144,2.5784,3.0871
61,6.1000,5.1677,2.9701,4.7117,0.9982,4.2348,4.2348,6.4461,5.7116,2.6625,2.6320,2.6796,3.1531
62,6.2000,5.1236,2.9941,4.8791,1.0004,4.2173,4.2173,6.2848,5.7269,2.5772,2.7157,2.6562,3.0070
63,6.3000,4.9454,2.8480,5.1642,0.9564,4.2355,4.2355,6.3357,5.7746,2.6578,2.6088,2.6683,3.1014
64,6.4000,5.1789,3.0744,4.8859,0.9740,4.4176,4.4176,6.7933,5.9747,2.7187,2.6480,2.7443,3.0385
65,6.5000,5.0826,2.8900,4.6168,0.9849,4.2325,4.2325,6.0289,5.5971,2.7390,2.6510,2.7393,2.8487
66,6.6000,4.4715,2.4245,4.7123,0.9857,3.8791,3.8791,5.2739,4.9838,2.4939,2.8397,2.6036,3.2141
67,6.7000,5.0761,2.9380,5.1164,0.9795,3.8130,3.8130,5.4592,5.1479,2.6316,2.8117,2.6434,3.0264
68,6.8000,5.0087,2.7556,4.9129,0.9716,3.3800,3.3800,5.3685,5.0580,2.5304,2.6831,2.8765,3.1123
69,6.9000,4.8340,2.6128,4.8946,0.9564,3.9401,3.9401,5.5858,5.3557,2.5094,2.7216,2.8580,2.7717
70,7.0000,5.0086,2.9600,4.6300,0.9696,4.3846,4.3846,5.9816,5.6359,2.6882,2.7445,2.6239,2.9940
71,7.1000,4.4452,2.4869,4.8925,1.0009,4.5964,4.5964,6.0829,5.8613,2.7002,2.7907,2.6653,3.0636
72,7.2000,4.7159,2.6560,4.7175,0.9602,4.4878,4.4878,5.9105,5.7546,2.4914,2.6813,2.6636,3.1039
73,7.3000,5.1102,3.0014,4.7365,0.9547,4.1592,4.1592,5.7289,5.4798,2.6382,2.6019,2.9933,3.1446
74,7.4000,5.1596,3.0513,4.9889,0.9859,3.9889,3.9889,5.8133,5.3587,2.7126,2.8764,2.6266,3.2667
75,7.5000,5.0837,2.9737,4.8027,0.9726,3.9012,3.9012,5.6880,5.3012,2.6627,2.6112,2.5316,3.2718
76,7.6000,4.8722,2.8545,4.6454,0.9661,4.4834,4.4834,6.0859,5.6535,2.6395,2.9011,2.5652,3.2160
77,7.7000,4.9647,2.8277,4.9286,0.9743,4.2419,4.2419,6.0907,5.5089,2.9094,2.7545,2.7336,2.9571
78,7.8000,4.6504,2.6517,4.5953,0.9912,3.7789,3.7789,5.5850,5.0365,2.6256,2.7851,2.6445,3.0653
79,7.9000,4.6750,2.7002,4.3705,0.9975,4.0101,4.0101,5.0940,4.9529,2.6638,2.6852,2.5780,3.0329
80,8.0000,5.2229,3.1818,4.9801,0.9628,3.8286,3.8286,5.3495,5.1040,2.6868,2.7455,2.7052,3.1613
81,8.1000,4.7956,2.6348,4.8625,0.9474,4.1706,4.1706,5.8790,5.5730,2.8260,2.9282,2.5364,3.0949
82,8.2000,4.9573,2.7309,4.8636,0.9537,3.8840,3.8840,5.9060,5.4241,2.5461,2.9860,2.6034,3.3318
83,8.3000,4.6622,2.5004,4.8160,0.9612,3.8546,3.8546,5.8176,5.4477,2.6104,2.6659,2.6826,3.0783
84,8.4000,5.1109,2.9437,5.3411,1.0313,3.8109,3.8109,6.1643,5.5119,2.7284,2.8431,2.6289,3.1279
85,8.5000,4.9502,2.9541,4.9680,1.0024,4.6489,4.6489,6.2168,5.8918,2.7406,2.6363,2.4814,2.8624
86,8.6000,4.6386,2.5607,5.2128,0.9283,4.7707,4.7707,6.2390,6.0976,2.6438,2.7354,2.6539,3.1214
87,8.7000,5.0692,3.1302,4.8303,1.0260,4.5520,4.5520,6.2158,5.9758,2.6734,2.5586,2.6387,2.9041
88,8.8000,4.8959,2.9102,4.5322,0.9849,4.6824,4.6824,6.0656,5.9060,2.7065,2.6477,2.5435,2.8903
89,8.9000,5.4065,3.1188,4.8623,0.9710,4.2806,4.2806,6.1177,5.7874,2.6677,2.8263,2.7362,2.8899
90,9.0000,5.2081,3.1092,4.7711,0.9946,4.8504,4.8504,6.0121,6.2064,2.9522,2.5647,2.8465,3.3623
91,9.1000,5.1582,3.0412,5.2554,0.9530,4.3387,4.3387,6.4040,6.1122,2.7163,2.7621,2.5902,2.8983
92,9.2000,4.7498,2.7247,4.7834,1.0005,4.3768,4.3768,5.9931,5.8570,2.5349,2.8163,2.8321,3.1654
93,9.3000,5.2299,3.1476,4.9988,0.9439,4.4107,4.4107,5.7099,5.7073,2.6528,2.7143,2.6110,2.9107
94,9.4000,4.5835,2.7165,4.4934,0.9479,4.2542,4.2542,5.4773,5.6576,2.6064,2.5758,2.6297,3.1882
95,9.5000,4.8781,2.7105,5.2018,0.9673,4.4190,4.4190,6.2196,5.9977,2.6266,3.1257,2.6167,3.0006
96,9.6000,5.0265,2.8428,5.4944,0.9746,4.3490,4.3490,6.4062,6.1423,2.6730,2.8406,2.6964,3.0689
97,9.7000,4.9523,2.8767,5.5002,0.9529,4.8028,4.8028,6.6952,6.3869,2.8129,2.5746,3.0338,3.2375
98,9.8000,4.8941,2.7682,4.9075,1.0064,5.0092,5.0092,6.5925,6.3060,2.8174,2.6967,2.5656,3.0353
99,9.9000,5.3224,3.0616,4.7967,0.9450,4.5610,4.5610,6.3497,5.9971,2.5561,2.6587,2.7654,3.3784
100,10.0000,4.8612,2.7663,4.6450,1.0074,4.2463,4.2463,5.9897,5.6527,2.4087,2.8612,2.7227,3.1554
101,10.1000,5.0139,2.9075,4.8398,0.9422,4.1610,4.1610,6.2103,5.7820,2.4662,2.8010,2.6460,3.0569
102,10.2000,5.0766,2.8092,5.3218,0.9700,4.4129,4.4129,6.4592,6.0629,2.6311,2.8083,2.8662,3.0628
103,10.3000,5.1588,2.9226,5.3458,0.9608,4.7458,4.7458,6.7443,6.1312,2.6206,2.6020,2.8610,3.0461
104,10.4000,5.1253,2.8824,5.0100,0.9605,4.3832,4.3832,6.5349,6.1223,2.7559,2.5561,3.0341,3.2875
105,10.5000,5.1498,2.9797,4.8581,0.9913,4.2096,4.2096,6.2255,5.9359,2.7235,2.7401,2.5914,3.4134
106,10.6000,5.0270,2.9188,4.8906,0.9881,4.4834,4.4834,6.1987,5.9383,2.6849,2.7359,2.7059,3.0009
107,10.7000,5.1035,2.9892,5.2444,0.9872,4.1611,4.1611,6.2073,5.7786,2.6591,2.6508,2.8057,3.0404
108,10.8000,5.3159,3.0730,5.3902,0.9614,3.8041,3.8041,6.0327,5.4584,2.6214,2.6063,2.7449,3.2845
109,10.9000,5.2156,3.0175,5.1162,0.9837,3.9420,3.9420,6.2414,5.6854,2.6716,2.7993,2.6951,3.2788
110,11.0000,5.0393,2.9019,4.9519,0.9844,4.0189,4.0189,6.2100,5.7856,2.6664,2.5668,2.8464,3.1941
111,11.1000,5.3276,3.1077,5.6301,0.9662,4.6772,4.6772,6.5454,6.1171,2.7027,2.7177,2.7557,3.1751
112,11.2000,5.3060,3.1701,5.1523,1.0050,4.8949,4.8949,6.3148,6.1622,2.6620,2.5564,2.7959,3.0602
113,11.3000,5.0784,2.9760,4.5173,0.9478,4.2231,4.2231,6.0911,5.8148,2.6814,2.8675,2.7524,3.2962
114,11.4000,5.3128,3.1358,5.0270,0.9818,4.8112,4.8112,6.6477,6.2234,2.8431,2.6284,2.6994,3.0861
115,11.5000,5.2042,3.1542,4.8958,0.9618,4.8280,4.8280,6.9241,6.3381,2.9022,2.7962,2.4882,3.0019
116,11.6000,4.8846,2.7878,5.0705,0.9822,4.7251,4.7251,6.9174,6.5305,2.6945,2.8221,2.5672,3.2739
117,11.7000,5.2099,3.0035,4.8427,0.9673,5.3048,5.3048,7.0017,6.7815,2.8994,2.5565,2.4972,3.3661
118,11.8000,5.4532,3.2598,5.1806,0.9936,4.9844,4.9844,7.1018,6.5708,2.7358,2.7807,2.6148,3.3583
119,11.9000,4.9452,2.8776,5.0285,0.9531,4.8040,4.8040,6.6545,6.3383,2.7363,2.5993,2.7790,3.0000
120,12.0000,5.3852,3.2354,4.5647,0.9594,4.9150,4.9150,6.7160,6.3755,2.8893,2.6753,2.7068,3.1170
121,12.1000,5.2418,3.0150,4.7853,0.9665,4.6554,4.6554,6.7242,6.2081,2.7009,2.6755,2.7910,3.1243
122,12.2000,4.9304,2.7286,5.1547,0.9715,4.3252,4.3252,6.5357,5.9125,2.5962,2.6616,2.7065,3.0558
123,12.3000,4.8511,2.7805,4.9226,0.9725,4.4015,4.4015,6.1493,5.8917,2.6715,2.6303,2.7016,3.0737
124,12.4000,4.8639,2.8471,4.8619,0.9765,4.2662,4.2662,5.9795,5.7633,2.6939,2.5865,2.6219,3.3798
125,12.5000,5.1676,3.0546,4.9348,0.9926,4.1786,4.1786,5.9234,5.7777,2.6470,2.7038,2.5669,3.4406
126,12.6000,4.8428,2.6636,4.6664,0.9305,3.6969,3.6969,5.7993,5.4735,2.6248,2.6814,2.6120,3.3233
127,12.7000,5.0160,2.8624,5.0134,0.9745,4.1984,4.1984,5.8214,5.6968,2.7944,2.8867,2.5327,3.3371
128,12.8000,5.1427,3.0316,4.9293,0.9844,4.1945,4.1945,5.9941,5.6722,2.7199,2.6614,2.5764,3.1192
129,12.9000,5.1863,3.0314,5.0222,0.9599,4.4902,4.4902,6.2334,5.8999,2.7159,2.5806,2.6441,3.1757
130,13.0000,5.3074,3.1630,4.8808,0.9763,4.6389,4.6389,6.8873,6.2555,2.8236,2.7360,2.6742,3.1812
131,13.1000,5.2741,3.1130,5.2657,0.9734,4.5763,4.5763,6.5925,6.1219,2.7636,2.6125,2.5360,3.1444
132,13.2000,5.3135,3.1162,4.9072,0.9718,4.4422,4.4422,6.3281,5.9616,2.9552,2.7446,2.9688,3.0220
133,13.3000,4.9574,2.8477,4.8584,0.9608,3.9439,3.9439,5.7972,5.5300,2.7241,2.5248,2.6266,2.9803
134,13.4000,5.1818,2.8846,5.2330,0.9798,4.1265,4.1265,6.1986,5.7905,2.6727,2.8557,2.6868,3.0853
135,13.5000,5.2646,3.0653,5.0272,1.0006,4.3759,4.3759,6.2668,5.7757,2.7284,2.8119,2.7062,3.1340
136,13.6000,5.0974,3.0737,4.9034,0.9417,5.0504,5.0504,6.4451,6.2577,2.7563,2.6229,2.5814,2.8290
137,13.7000,5.1464,3.0089,5.1421,1.0220,4.4278,4.4278,6.2511,5.8225,2.8143,2.9857,2.6544,3.1206
138,13.8000,5.0109,2.9823,5.3716,0.9420,3.9223,3.9223,6.1738,5.6129,2.7811,2.8441,2.5859,2.9644
139,13.9000,5.1067,3.0188,5.0725,0.9614,4.5294,4.5294,6.2365,6.0524,2.6670,2.7393,2.6858,2.9329
140,14.0000,5.3295,3.1783,4.9731,1.0000,4.3156,4.3156,6.1973,5.8961,2.8542,2.6836,2.7313,3.1532
141,14.1000,5.2873,3.0487,5.0904,0.9722,4.3963,4.3963,6.5038,5.9021,2.7485,2.6372,2.7451,2.9763
142,14.2000,5.0609,2.8616,4.8041,0.9871,4.2847,4.2847,6.3367,5.8542,2.6483,2.7290,2.8246,2.8827
143,14.3000,4.9822,2.8000,4.9142,0.9627,3.9764,3.9764,6.4508,5.6724,2.6827,2.5902,2.6314,2.8269
144,14.4000,5.4199,3.1574,5.1050,0.9866,4.1738,4.1738,6.7593,5.9024,2.8565,2.6651,2.7291,2.8535
145,14.5000,5.1995,3.0048,4.9054,0.9598,4.0001,4.0001,6.3891,5.7088,2.7631,2.6292,2.7739,2.9083
146,14.6000,5.3323,3.0948,5.1750,0.9819,4.0943,4.0943,6.3090,5.6841,2.6344,2.6556,2.6172,3.2321
147,14.7000,5.3029,3.0533,5.0041,0.9659,4.1578,4.1578,6.5947,5.7600,2.6274,2.8184,2.6154,2.8806
148,14.8000,5.1031,2.9617,5.4888,0.9419,3.6381,3.6381,6.2959,5.4931,2.6196,2.7487,2.6081,3.1800
149,14.9000,4.9915,2.7881,4.9330,0.9796,4.0653,4.0653,6.1462,5.6855,2.7558,2.8993,2.6229,2.6913
150,15.0000,4.5593,2.4080,4.8952,0.9789,4.1007,4.1007,6.0497,5.6564,2.5882,2.7807,2.5447,3.1019
151,15.1000,4.7782,2.5779,5.3397,0.9612,3.8668,3.8668,6.3146,5.8001,2.7065,2.9908,2.6681,2.9514
152,15.2000,5.1559,2.9318,5.3607,0.9780,4.1755,4.1755,6.3799,5.7381,2.7994,2.8528,2.6473,2.8851
153,15.3000,5.3400,3.1109,4.8753,0.9878,3.7160,3.7160,6.2948,5.2896,2.7080,2.6187,2.6193,2.9568
154,15.4000,5.2189,3.0288,4.9375,0.9705,3.9920,3.9920,6.4074,5.6296,2.6348,2.7266,2.5987,3.0587
155,15.5000,5.1069,2.9497,4.6539,0.9729,4.5902,4.5902,6.3123,5.9005,2.8834,2.5897,2.5995,2.8886
156,15.6000,5.1384,3.0909,4.8333,0.9773,4.2290,4.2290,6.1476,5.7681,2.8441,2.8530,2.6133,2.8648
157,15.7000,5.0499,2.9473,5.2720,0.9376,4.1414,4.1414,6.1176,5.9803,2.6852,2.6623,2.6438,3.2217
158,15.8000,4.9047,2.6905,4.8834,0.9915,3.8618,3.8618,6.1069,5.6818,2.7515,2.8778,2.6902,2.9978
159,15.9000,5.2816,2.9985,5.1321,0.9824,4.0240,4.0240,6.2083,5.7772,2.5542,2.6482,2.6922,2.6143
160,16.0000,5.1231,2.8842,4.8473,0.9547,3.7835,3.7835,6.3338,5.5932,2.7145,2.6986,2.7240,3.1277
161,16.1000,5.0362,2.8572,5.1028,0.9476,3.7081,3.7081,6.3437,5.4076,2.7098,2.6789,2.6910,3.2656
162,16.2000,4.9520,2.7224,5.2513,0.9939,3.9022,3.9022,6.4160,5.6524,2.6689,2.7484,2.6536,2.6954
163,16.3000,5.5610,3.3240,4.9598,0.9888,4.4372,4.4372,6.5351,6.0068,3.0644,2.8204,2.5774,3.0107
164,16.4000,4.6881,2.5036,4.6506,0.9433,4.1006,4.1006,6.2784,5.7768,2.5099,2.5968,2.8143,2.9399
165,16.5000,5.1305,2.8965,5.5349,1.0177,4.0497,4.0497,5.9951,5.6824,2.5840,2.6645,2.6942,3.0285
166,16.6000,5.0318,2.7616,5.1498,0.9771,4.1277,4.1277,6.5523,5.8624,2.8289,2.8262,2.7187,3.1054
167,16.7000,5.4525,3.2231,5.2324,0.9300,4.1058,4.1058,6.5810,5.8365,2.9221,2.8105,2.5640,2.9233
168,16.8000,5.0975,2.8633,5.2489,0.9839,3.8492,3.8492,6.1184,5.7522,2.5262,2.6039,2.8228,2.8159
169,16.9000,5.0739,2.8877,5.0383,0.9520,3.9898,3.9898,6.0212,5.5472,2.6147,2.7371,2.7137,3.1930
170,17.0000,5.0688,2.8658,5.0878,0.9741,4.0297,4.0297,6.1957,5.6303,2.7056,2.7675,2.8046,2.8835
171,17.1000,5.3916,3.1543,4.9206,0.9585,3.9816,3.9816,6.0339,5.5745,2.9156,2.9966,2.8934,2.9274
172,17.2000,5.0105,2.9205,4.9575,0.9696,4.5012,4.5012,6.4495,5.9910,2.6167,2.7791,2.6659,2.9984
173,17.3000,4.9724,2.9482,4.8514,0.9922,4.6449,4.6449,6.3152,6.0439,2.7489,2.8072,2.7533,3.0971
174,17.4000,5.0393,2.9685,4.9283,0.9733,4.4301,4.4301,5.9363,5.7225,2.6168,3.0566,2.6759,2.9615
175,17.5000,5.2700,2.9911,5.0118,0.9655,4.5447,4.5447,6.6333,6.0517,2.7834,3.0353,2.5394,2.9968
176,17.6000,5.1302,2.9090,4.9768,0.9790,4.6530,4.6530,6.5616,6.0284,2.6974,2.6852,2.6634,3.1477
177,17.7000,4.9549,2.7550,5.0858,1.0091,3.5989,3.5989,6.5505,5.4739,2.4808,2.7239,2.6036,3.0541
178,17.8000,4.9864,2.8883,5.0988,0.9379,3.8379,3.8379,5.9739,5.3169,2.4905,2.5289,3.2114,2.9031
179,17.9000,4.9389,2.7667,5.1171,0.9657,3.7802,3.7802,6.2314,5.5403,2.5667,2.8180,2.7666,2.9809
180,18.0000,5.1438,2.9200,5.2114,1.0040,3.6695,3.6695,6.0143,5.5416,2.6951,2.4726,2.6817,3.1557
181,18.1000,4.9620,2.8665,4.5203,0.9784,4.7302,4.7302,6.2309,5.9377,2.8462,2.8221,2.8084,2.9833
182,18.2000,5.0235,2.8050,5.2162,0.9437,4.5473,4.5473,6.6745,6.0179,2.6728,2.6874,2.6593,3.2362
183,18.3000,5.2225,2.9658,4.9571,0.9983,4.1279,4.1279,6.4768,5.9124,2.6201,2.6170,2.6856,3.1148
184,18.4000,5.3344,3.1038,4.7549,0.9871,4.2815,4.2815,6.4432,5.7318,2.6351,2.6668,2.7170,3.0593
185,18.5000,5.0325,2.8085,5.0692,0.9636,4.5050,4.5050,6.2078,5.7466,2.6782,2.7220,2.5453,3.1192
186,18.6000,5.1103,2.9635,4.9696,0.9514,4.2021,4.2021,6.2255,5.9706,2.7010,2.6866,2.6462,3.0073
187,18.7000,5.2644,3.0425,4.9733,1.0107,3.9974,3.9974,6.3252,5.7368,2.6916,2.7224,2.6117,3.2870
188,18.8000,5.0516,2.8503,4.8250,0.9890,3.7148,3.7148,6.0231,5.3673,2.6187,2.6502,2.7075,3.0162
189,18.9000,5.1064,2.9497,5.3901,0.9577,3.5053,3.5053,6.1114,5.3302,2.7092,2.9046,2.7400,3.2378
190,19.0000,5.2460,3.0614,5.0745,0.9683,3.4395,3.4395,6.2173,5.1239,2.7075,2.6006,2.6926,3.2250
191,19.1000,4.9096,2.6965,4.9260,0.9494,3.4256,3.4256,6.0887,5.1301,2.5093,2.6557,2.7314,3.1189
192,19.2000,4.8744,2.6482,5.1091,0.9694,3.7677,3.7677,6.1947,5.4616,2.4521,2.6593,2.7129,3.4073
193,19.3000,5.1414,2.8991,4.9956,0.9931,3.4133,3.4133,5.9076,5.1571,2.5577,2.7393,2.8051,2.9212
194,19.4000,5.0061,2.8134,5.3236,0.9819,3.2881,3.2881,5.7108,5.0882,2.6532,2.8424,2.8149,3.2703
195,19.5000,5.2458,3.1023,5.6688,0.9560,3.2489,3.2489,6.1856,5.1922,2.6685,2.6292,2.6852,2.8050
196,19.6000,5.1359,3.0345,5.0933,0.9669,4.3158,4.3158,6.2674,5.6333,2.5797,2.6401,2.8473,3.1388
197,19.7000,5.3084,3.0934,4.9659,0.9948,4.5730,4.5730,6.6005,5.9999,2.7515,2.6402,2.6975,3.1179
198,19.8000,5.2717,3.0690,5.0454,0.9598,4.4449,4.4449,6.8565,6.1799,2.7738,2.7725,2.6227,3.0071
199,19.9000,5.1341,2.8961,4.9370,0.9841,4.2436,4.2436,6.6936,5.8906,2.7131,2.6680,2.6900,3.0048
200,20.0000,5.2301,3.0378,4.7266,0.9801,4.6100,4.6100,6.3785,6.0764,2.7239,2.6036,2.5527,3.0038
201,20.1000,5.1130,3.0429,5.4379,0.9658,4.7771,4.7771,6.2432,6.0729,2.7970,2.8659,2.6238,3.1755
202,20.2000,5.2672,3.1979,4.8524,0.9504,4.2668,4.2668,6.5956,5.8453,2.7740,2.6526,2.4781,2.7308
203,20.3000,4.9768,2.8789,5.2280,1.0099,4.8837,4.8837,6.1950,6.0627,2.7277,2.6439,2.7666,3.0934
204,20.4000,4.8596,2.7126,5.5042,0.9773,4.6795,4.6795,6.6518,6.1306,2.5802,2.7501,2.6963,3.0042
205,20.5000,5.1401,3.0603,4.8822,0.9565,4.2464,4.2464,6.3951,5.7277,2.9320,2.7542,2.6017,3.1244
206,20.6000,5.2531,3.0520,5.4093,1.0087,4.3565,4.3565,6.1914,5.8501,2.6682,2.6456,2.6402,3.0650
207,20.7000,4.8685,2.6833,4.9507,0.9612,3.9662,3.9662,6.4889,5.7269,2.5550,2.9236,2.6678,2.7649
208,20.8000,5.3012,3.1857,5.3095,0.9547,4.4898,4.4898,6.5313,6.0303,2.7765,2.7212,2.5774,2.8304
209,20.9000,5.3924,3.0886,5.0318,0.9875,4.0082,4.0082,6.0736,5.5285,2.8130,2.8107,2.7159,3.1364
210,21.0000,5.1798,2.9241,4.8955,0.9878,3.5601,3.5601,5.6616,5.1264,2.6838,2.8638,2.5955,3.2842
211,21.1000,5.1809,3.0192,4.8704,0.9628,3.5845,3.5845,6.0291,5.2943,2.7561,2.6890,2.6984,3.3444
212,21.2000,5.3759,3.1027,5.0821,0.9427,4.0705,4.0705,6.3615,5.7738,2.7759,2.6909,2.6713,3.2096
213,21.3000,4.5973,2.3911,5.0461,0.9871,4.1316,4.1316,6.3301,5.8008,2.5686,2.9049,2.5802,3.1273
214,21.4000,4.9279,2.7416,4.9907,0.9776,4.2468,4.2468,6.7742,6.0168,2.5529,2.7487,2.6592,2.8827
215,21.5000,5.2227,3.1450,4.9553,0.9704,4.3624,4.3624,6.5900,5.9340,2.8187,2.5505,2.6563,2.8321
216,21.6000,4.8657,2.7748,5.1101,0.9958,4.1873,4.1873,5.8557,5.6565,2.6657,2.9155,2.6951,3.4270
217,21.7000,4.7876,2.9105,4.4481,0.9332,4.4074,4.4074,5.8054,5.6926,2.6201,3.1359,2.5220,3.1748
218,21.8000,5.1910,3.1805,4.8202,0.9945,4.7491,4.7491,6.0965,5.9545,2.8379,2.9973,2.5779,3.0444
219,21.9000,5.1553,2.9996,4.8459,0.9655,4.2450,4.2450,6.1901,5.7908,2.7627,2.7010,2.6214,2.8981
220,22.0000,5.3509,3.2383,4.9241,0.9849,4.8237,4.8237,6.2078,6.0681,2.7491,2.7113,2.7055,2.9396
221,22.1000,5.3018,3.1105,5.1633,0.9503,4.4438,4.4438,6.6348,6.0220,2.7273,2.7287,2.6306,2.8340
222,22.2000,4.9101,2.7299,5.1851,0.9755,4.4431,4.4431,6.6281,6.0957,2.8218,2.6349,2.6148,3.1595
223,22.3000,5.1567,3.0085,5.0614,0.9858,4.4720,4.4720,6.7761,6.1006,2.8263,2.8778,2.5934,3.2906
224,22.4000,5.1458,2.9056,5.4352,0.9311,4.1422,4.1422,6.3011,5.8955,2.5775,2.5838,2.6658,2.9072
225,22.5000,5.4439,3.2386,6.0089,0.9946,3.8898,3.8898,6.1105,5.6504,2.7663,2.6605,2.6596,2.9078
226,22.6000,5.5001,3.3227,5.1241,1.0352,4.3034,4.3034,6.2298,5.7107,2.9226,2.7039,2.6411,2.9047
227,22.7000,4.9791,3.1249,4.6795,0.9234,4.6495,4.6495,6.0211,5.8579,2.7931,2.8805,2.6332,2.9599
228,22.8000,5.3237,3.2387,5.6668,1.0070,4.6524,4.6524,6.2766,6.1554,2.8488,2.7525,2.5990,3.2932
229,22.9000,5.1717,2.9754,5.7821,0.9515,4.6422,4.6422,6.3474,6.2295,2.8320,2.6901,2.5627,3.3206
230,23.0000,4.9650,2.8180,5.2612,0.9749,4.2706,4.2706,5.9494,5.6626,2.7833,2.5869,2.5377,3.1098
231,23.1000,5.0277,2.8297,5.3217,1.0032,4.3515,4.3515,6.2105,5.9407,2.6314,2.9803,2.6927,3.1751
232,23.2000,5.0137,2.9798,5.2407,0.9462,4.6260,4.6260,6.3745,6.1313,2.7269,2.6120,2.6375,2.8764
233,23.3000,4.9725,2.8818,5.2140,0.9918,4.7147,4.7147,6.3187,6.0945,2.6231,2.9162,2.5929,3.0806
234,23.4000,5.5151,3.2319,5.1085,1.0054,4.2978,4.2978,6.6053,5.9432,2.7868,2.6293,2.5742,2.8697
235,23.5000,5.4102,3.2321,5.5274,0.9298,4.1237,4.1237,6.3535,5.7725,2.9335,2.7404,2.5405,3.1454
236,23.6000,4.6505,2.4859,5.4935,1.0018,4.2026,4.2026,6.2450,5.8427,2.6149,2.8500,2.6782,3.1715
237,23.7000,4.6930,2.4869,5.3228,0.9735,4.2456,4.2456,6.3072,5.8138,2.5099,2.9370,2.6613,3.0163
238,23.8000,5.3905,3.1534,5.1657,0.9612,4.2554,4.2554,6.2684,5.7914,2.8445,2.6020,2.5435,3.1108
239,23.9000,5.1126,2.8666,5.0663,0.9788,4.0419,4.0419,6.4269,5.6905,2.7668,2.6767,2.6132,2.8635
240,24.0000,5.3265,3.1698,5.2701,0.9913,4.7107,4.7107,6.4970,6.0611,2.9936,3.0165,2.6347,3.3452
241,24.1000,5.2325,3.0970,5.0678,0.9827,4.8436,4.8436,6.6872,6.2029,3.1782,2.5788,2.5501,3.2236
242,24.2000,5.0680,2.9985,5.1705,0.9679,4.7220,4.7220,6.4884,6.0573,2.8167,2.6385,2.7105,3.3322
243,24.3000,5.0821,3.0040,5.4849,0.9732,4.8641,4.8641,6.7243,6.1131,2.7876,2.8326,2.6436,3.2326
244,24.4000,5.3025,3.0696,5.7439,0.9468,4.4688,4.4688,6.5910,5.9521,2.7735,2.7848,2.7965,3.1598
245,24.5000,4.8976,2.7374,5.2204,0.9947,4.3527,4.3527,6.2696,5.7619,2.7015,3.0156,2.6241,3.1298
246,24.6000,5.1348,2.9842,5.0590,0.9926,4.3965,4.3965,6.4066,5.8465,2.6758,3.0034,2.7578,3.2292
247,24.7000,5.3832,3.2343,5.0958,0.9343,4.4594,4.4594,6.2708,5.8720,2.9287,2.7656,2.7329,3.0466
248,24.8000,5.3111,3.2253,5.2980,1.0070,4.4996,4.4996,5.8818,5.7314,2.6833,2.5766,2.6305,3.1650
249,24.9000,5.4482,3.3881,4.9417,0.9662,4.5223,4.5223,6.4146,5.8308,2.9029,2.7182,2.7314,2.8375
250,25.0000,5.1888,3.1807,5.1339,0.9660,4.8519,4.8519,6.8087,6.2535,2.7764,2.7725,2.6267,3.2038
251,25.1000,5.4537,3.3605,5.2066,0.9897,4.4894,4.4894,6.5142,5.9739,2.8248,2.6831,2.5801,2.9335
252,25.2000,4.5597,2.5971,4.6847,1.0098,4.3702,4.3702,6.0504,5.6052,2.5766,2.7514,2.6093,3.3131
253,25.3000,4.8023,2.7357,5.1479,0.9330,4.3949,4.3949,6.0245,5.7690,2.7104,2.6255,2.7095,3.1253
254,25.4000,4.8348,2.7798,5.0128,0.9765,4.3080,4.3080,6.3225,5.7540,2.6689,2.6068,2.6602,3.0898
255,25.5000,5.0652,3.3132,5.0805,0.9828,4.9192,4.9192,7.0042,6.1829,2.7718,2.5008,2.6730,3.0449
256,25.6000,5.0454,3.2129,5.4511,0.9686,4.9768,4.9768,7.2630,6.4414,2.8054,2.5097,2.7829,2.9102
257,25.7000,5.0920,3.2686,5.2666,0.9743,5.0789,5.0789,7.2526,6.4578,2.6645,2.8140,2.5828,3.3760
258,25.8000,4.9897,3.2721,5.2365,0.9842,4.6946,4.6946,6.7352,5.9930,2.6663,2.5877,2.5962,3.2878
259,25.9000,4.1039,2.7132,4.6442,0.9706,4.5754,4.5754,6.2366,5.8644,2.6576,2.7424,2.6958,3.0602
260,26.0000,5.2137,3.1882,5.0530,0.9546,4.4196,4.4196,6.5735,5.9420,2.6645,2.5876,2.8249,3.1484
261,26.1000,4.7726,3.1769,4.7341,0.9950,4.3186,4.3186,6.4051,5.7858,2.8045,2.6875,2.7951,3.1109
262,26.2000,5.2024,3.2157,5.0844,0.9637,4.3293,4.3293,6.1387,5.5923,2.7835,2.5769,2.7124,2.9584
263,26.3000,4.8454,2.8794,4.8365,0.9676,4.0535,4.0535,6.2504,5.5590,2.5735,2.7167,2.6053,3.2908
264,26.4000,4.9356,3.0678,4.8259,0.9797,4.3221,4.3221,6.1906,5.6996,2.6177,2.6745,2.7429,2.9914
265,26.5000,5.1470,3.0260,4.8882,0.9672,4.4378,4.4378,6.3961,5.7961,2.6544,2.6497,2.7909,3.0159
266,26.6000,5.3125,3.2938,5.0753,0.9710,4.3634,4.3634,6.4357,5.7392,2.9436,2.5244,2.6813,3.2435
267,26.7000,4.9177,2.8432,5.0298,0.9625,3.9172,3.9172,6.5198,5.6681,2.6844,2.8578,2.7416,3.0841
268,26.8000,5.0165,2.9576,5.1034,0.9814,4.4777,4.4777,6.4289,5.9264,2.5609,2.6244,2.5581,3.2302
269,26.9000,4.7957,3.1052,4.9478,0.9732,5.3610,5.3610,6.5035,6.2670,2.6234,2.7118,2.7055,3.2503
270,27.0000,5.1968,3.2552,5.1765,0.9954,4.5305,4.5305,6.5731,6.0665,2.7114,2.8007,2.5519,3.3420
271,27.1000,5.1101,3.1604,5.0492,0.9867,4.4355,4.4355,6.2034,5.7936,2.8169,2.5120,2.7867,3.0417
272,27.2000,4.9711,2.8979,4.6409,0.9634,4.3346,4.3346,5.9642,5.6873,2.6668,2.8293,2.6374,2.9856
273,27.3000,5.4103,3.3332,4.5063,0.9546,4.1535,4.1535,6.0886,5.6734,2.8136,2.6693,2.5602,3.1150
274,27.4000,5.0016,2.9346,4.8405,0.9661,4.1333,4.1333,5.9698,5.5259,2.8531,2.6058,2.6012,3.3206
275,27.5000,4.8233,2.8457,4.7270,0.9765,4.2608,4.2608,6.1511,5.6345,2.7224,2.7248,2.6229,3.0845
276,27.6000,5.1487,2.9779,4.8834,0.9392,4.4607,4.4607,6.4168,5.9231,2.7127,2.8246,2.6560,3.3347
277,27.7000,5.2971,3.1851,5.2262,0.9980,4.5328,4.5328,6.4090,5.8939,2.6208,2.7667,2.6442,2.8536
278,27.8000,5.1405,3.0006,5.2567,0.9836,4.3512,4.3512,6.1635,5.8109,2.7539,2.5903,2.5673,2.9664
279,27.9000,5.4200,3.3652,5.0841,0.9582,5.0562,5.0562,6.5618,6.2002,2.9416,2.6637,2.5979,3.1632
280,28.0000,5.1424,3.1230,5.0982,0.9687,4.9556,4.9556,6.8385,6.2742,2.8086,2.7084,2.5107,3.3549
281,28.1000,4.9333,3.0013,5.3125,1.0247,4.0868,4.0868,6.4683,5.7126,2.6584,2.7293,2.4150,3.2332
282,28.2000,5.1858,3.1507,4.8380,0.9666,4.4843,4.4843,5.9410,5.7717,2.6955,2.6454,2.5786,3.2043
283,28.3000,5.1362,2.9978,4.8761,0.9227,4.7592,4.7592,6.1206,5.9214,2.9674,2.7039,2.6289,3.2706
284,28.4000,5.1850,3.1727,5.1882,1.0220,4.1308,4.1308,6.1724,5.7103,2.7170,2.7472,2.6911,3.1202
285,28.5000,5.0687,3.0093,4.9604,1.0010,4.5805,4.5805,6.4184,5.9305,2.6916,2.5840,2.6171,3.1450
286,28.6000,5.0386,2.9656,4.7055,0.9423,4.6813,4.6813,6.6212,6.0337,2.5946,2.7025,2.5695,3.1516
287,28.7000,5.3369,3.2140,5.1003,0.9975,4.7962,4.7962,6.6486,6.2589,2.6988,2.7003,2.7206,3.2295
288,28.8000,4.9580,2.8194,5.0296,0.9741,4.4299,4.4299,6.0443,5.7399,2.6495,2.4943,2.6498,3.2289
289,28.9000,5.1047,3.2225,4.9945,0.9611,4.4848,4.4848,6.0707,5.7941,2.8348,2.7177,2.6133,3.4891
290,29.0000,5.0999,3.0151,4.4398,1.0008,4.4453,4.4453,6.0470,5.9054,2.7177,2.5875,2.7315,2.9715
291,29.1000,4.7039,2.5831,4.7165,0.9656,4.7350,4.7350,5.9804,5.8047,2.5168,2.6162,2.5766,3.1737
292,29.2000,5.1987,3.0341,4.8383,0.9583,4.3270,4.3270,6.3186,5.6958,2.7494,2.7044,2.7453,3.1669
293,29.3000,5.0112,3.1149,4.8938,0.9842,4.5282,4.5282,6.3240,5.8497,2.7380,2.5910,2.6881,3.1133
294,29.4000,5.4246,3.2921,4.8254,0.9665,5.0213,5.0213,6.4556,6.0953,2.7837,2.5340,2.6163,2.9289
295,29.5000,5.1907,3.1229,4.9545,0.9671,4.5513,4.5513,6.5108,6.0118,2.7353,2.7540,2.6386,3.3525
296,29.6000,5.2401,3.0302,4.9715,0.9890,4.4941,4.4941,6.1648,5.7262,2.7306,2.5498,2.7258,3.2654
297,29.7000,5.2300,3.0428,5.0852,0.9570,4.2339,4.2339,6.0012,5.6572,2.9163,2.6882,2.5975,3.2782
298,29.8000,4.9208,2.9688,5.2624,0.9513,4.6684,4.6684,6.1506,5.9305,2.7258,2.9565,2.5639,3.5596
299,29.9000,4.8446,2.9071,4.7085,0.9924,4.5334,4.5334,6.0840,5.7625,2.7964,2.7172,2.6592,3.4045
300,30.0000,5.3801,3.1094,5.4463,0.9469,4.2300,4.2300,6.1844,5.7655,2.7826,2.7913,2.7624,3.0440
301,30.1000,5.3589,3.2430,5.6288,0.9884,4.6314,4.6314,6.5229,6.1198,2.6800,2.8835,2.5954,2.8333
302,30.2000,5.3951,3.2785,5.2851,0.9556,4.5429,4.5429,6.4479,6.0321,3.0293,2.5865,2.6909,3.0564
303,30.3000,5.1815,3.0851,5.0129,0.9732,4.2335,4.2335,6.0139,5.7831,3.0422,2.6180,2.6556,3.0859
304,30.4000,5.3897,3.3920,4.8353,0.9718,4.6485,4.6485,5.7626,5.8117,2.8024,2.6158,2.6502,3.0873
305,30.5000,4.8451,2.7387,5.0204,0.9681,3.9411,3.9411,5.8448,5.5205,2.9358,2.7945,2.5598,2.9874
306,30.6000,4.3120,2.2278,4.6203,0.9685,4.2570,4.2570,5.9809,5.5960,2.9138,2.8812,2.6103,3.3151
307,30.7000,3.9421,1.8015,4.7641,0.9760,4.3571,4.3571,6.1983,5.8539,2.6892,2.8490,2.7427,2.9688
308,30.8000,3.8974,1.8405,4.4163,0.9806,4.2181,4.2181,6.1150,5.7567,2.7322,2.6016,2.6478,2.9898
309,30.9000,3.7188,1.7664,4.4807,0.9935,3.9761,3.9761,5.8419,5.5637,2.7431,2.6567,2.6096,3.1486
310,31.0000,4.2779,2.2523,4.9209,0.9908,4.3472,4.3472,5.7366,5.6117,2.5455,2.9100,2.7722,3.1859
311,31.1000,5.3485,3.2572,5.0430,0.9491,4.4819,4.4819,5.7454,5.6534,3.0161,2.5571,2.7161,2.9385
312,31.2000,5.2514,3.0855,5.2502,0.9932,4.4919,4.4919,6.1434,5.9079,2.7024,2.5709,2.7491,2.9413
313,31.3000,4.9364,2.8278,5.1738,0.9580,4.6966,4.6966,6.4058,6.1507,2.6483,2.7928,2.7064,2.9419
314,31.4000,5.5355,3.4481,5.4061,0.9570,4.7697,4.7697,6.6604,6.1317,3.0754,2.7526,2.6657,2.9130
315,31.5000,4.8099,2.9336,5.0009,0.9605,4.8860,4.8860,6.1570,5.9686,2.5978,2.5982,2.5995,3.3106
316,31.6000,4.9585,3.0953,4.9156,0.9924,4.6989,4.6989,5.8923,5.9829,2.8306,2.6524,2.6438,3.3384
317,31.7000,5.4055,3.2342,5.1182,0.9462,4.7319,4.7319,6.3628,6.0190,2.7518,2.6344,2.6754,3.3055
318,31.8000,5.1054,2.8728,5.4369,0.9990,4.6368,4.6368,6.4887,5.9978,2.8390,2.6687,2.6864,3.2867
319,31.9000,5.2372,3.0804,5.7906,0.9756,4.3056,4.3056,6.2051,5.8130,2.6599,2.5659,2.6104,3.0592
320,32.0000,4.6935,2.6377,5.1790,0.9880,4.6710,4.6710,6.1439,5.8905,2.6939,2.7259,2.7178,3.1763
321,32.1000,4.9807,2.8306,5.1162,0.9381,4.6836,4.6836,6.4438,6.0411,3.1333,2.6595,2.6163,3.1602
322,32.2000,4.8759,2.7459,4.9193,0.9810,4.4853,4.4853,6.0968,5.7274,2.6551,2.7226,2.7404,3.1250
323,32.3000,4.8759,2.7452,5.2001,0.9572,4.3523,4.3523,6.0538,5.6560,2.5683,2.5932,2.6119,3.0402
324,32.4000,5.2816,3.4386,5.3733,0.9692,4.5205,4.5205,6.8106,6.0511,2.9080,2.7091,2.6232,3.2633
325,32.5000,5.0075,3.0596,5.2170,0.9821,5.0263,5.0263,6.5935,6.3387,2.6973,2.7465,2.8153,3.3246
326,32.6000,4.9829,3.1361,5.1159,0.9408,4.6961,4.6961,6.2904,5.9974,2.7082,2.5644,2.6359,3.1086
327,32.7000,4.8238,2.8002,5.0048,1.0121,4.3053,4.3053,6.1392,5.8090,2.5445,2.6512,2.6392,2.9428
328,32.8000,5.2645,3.1217,5.5383,0.9413,4.3484,4.3484,6.1377,5.7890,2.8023,2.7787,2.6050,2.9774
329,32.9000,5.1657,3.0611,5.1811,1.0091,4.7535,4.7535,6.3758,6.0240,2.9004,3.2056,2.5808,3.0156
330,33.0000,5.1254,3.1337,5.1280,0.9476,4.8072,4.8072,6.2242,6.0318,2.8587,2.7522,2.5243,3.1652
331,33.1000,4.7045,2.7772,4.8398,0.9876,4.2452,4.2452,5.7286,5.5657,2.7702,2.5197,2.5571,3.0590
332,33.2000,5.0452,2.9601,5.4550,0.9671,4.2207,4.2207,5.9131,5.6136,2.8642,2.8253,2.6968,3.0827
333,33.3000,4.8083,2.8114,5.0568,0.9674,4.0309,4.0309,5.9556,5.5500,2.6931,2.5848,2.7081,3.1551
334,33.4000,4.0029,1.9050,4.6282,0.9846,4.3338,4.3338,6.1411,5.7391,2.8445,2.8338,2.6887,2.9497
335,33.5000,3.7794,1.9768,5.0707,0.9825,4.9188,4.9188,6.0084,5.9234,2.9044,2.7154,2.6047,3.0629
336,33.6000,4.1710,2.2794,4.6097,0.9673,4.7498,4.7498,5.9136,5.8540,2.7252,2.6898,2.5980,3.1955
337,33.7000,4.4987,2.7450,4.5701,0.9554,4.8199,4.8199,5.7424,5.8482,2.7644,2.7306,2.7245,3.0094
338,33.8000,4.9163,3.0291,4.6987,1.0037,4.6465,4.6465,5.9537,5.7191,2.6810,2.8000,2.6359,2.9674
339,33.9000,5.2073,3.2340,4.6125,0.9388,4.7802,4.7802,6.1716,5.8639,2.8599,2.7802,2.7045,3.3112
340,34.0000,5.1704,3.0628,5.0456,0.9914,3.8858,3.8858,6.1027,5.6307,2.7090,2.9607,2.6458,2.8184
341,34.1000,4.7870,2.6942,5.1230,0.9459,4.1217,4.1217,5.8949,5.7343,2.7239,3.0063,2.5840,3.3070
342,34.2000,4.6136,2.6846,5.2996,0.9954,4.9000,4.9000,5.9322,6.0433,2.9519,2.9949,2.6432,3.6582
343,34.3000,4.8401,2.9356,4.9974,0.9599,4.5618,4.5618,6.4244,6.2388,2.9592,3.1940,2.5758,3.5369
344,34.4000,4.9438,3.0315,5.2966,0.9804,4.7515,4.7515,6.1731,5.9176,2.6455,3.1779,2.5974,3.1169
345,34.5000,4.6991,2.9182,5.2675,0.9577,4.9842,4.9842,6.0432,6.0987,2.8004,3.1592,2.6364,3.3709
346,34.6000,5.3469,3.4153,4.7010,0.9847,4.7006,4.7006,5.9409,5.9451,3.0200,2.7384,2.8160,3.1048
347,34.7000,5.2364,3.1231,4.8506,0.9356,4.4130,4.4130,6.1801,5.8476,2.7262,3.1609,2.5396,2.8390
348,34.8000,5.1479,2.9246,5.4637,1.0084,4.2207,4.2207,5.9330,5.6252,2.6020,3.3421,2.6104,3.2440
349,34.9000,5.2810,3.1004,5.2325,0.9691,3.9167,3.9167,5.7309,5.2656,2.8093,3.6207,2.5279,3.1697
350,35.0000,4.9226,2.9161,4.6241,0.9376,4.1188,4.1188,5.6584,5.3543,2.6512,3.5893,2.6530,3.3901
351,35.1000,5.2923,3.1462,5.0906,1.0042,4.2948,4.2948,5.6587,5.5479,2.8002,3.3515,2.6812,3.5743
352,35.2000,5.1112,2.8912,5.1732,1.0055,4.2891,4.2891,6.1499,5.8011,2.6835,3.1082,2.6289,3.2122
353,35.3000,5.2807,3.2365,5.0300,0.9558,4.2873,4.2873,5.9683,5.8450,2.8598,2.5484,2.4994,3.2838
354,35.4000,5.2048,3.1570,5.1541,0.9769,4.6366,4.6366,6.1213,6.0131,2.7759,2.6596,2.6898,3.2534
355,35.5000,5.2321,3.1931,5.2972,0.9806,4.2858,4.2858,5.8749,5.7554,2.7999,2.8076,2.8132,3.2165
356,35.6000,5.2391,3.2319,4.8309,0.9464,4.6926,4.6926,6.1411,5.8901,2.9053,2.6982,2.8032,3.0844
357,35.7000,5.2250,3.0401,5.1342,0.9994,4.6116,4.6116,6.4740,6.2323,2.6393,2.5508,2.5864,3.1878
358,35.8000,4.9462,2.9111,4.9081,0.9289,4.5195,4.5195,6.3643,6.0089,2.8212,2.8660,2.4917,3.4304
359,35.9000,5.3063,3.2540,5.0461,0.9707,4.5667,4.5667,6.0451,5.7509,2.6759,2.7920,2.6251,3.3854
360,36.0000,5.3660,3.3039,4.7848,0.9850,4.6972,4.6972,6.1028,5.9225,2.9130,2.5544,2.6254,2.9202
361,36.1000,5.0565,3.1297,5.0984,0.9481,4.7996,4.7996,6.3900,6.2794,2.8153,2.8973,2.5846,3.2105
362,36.2000,4.7468,2.8347,4.8081,1.0104,5.2507,5.2507,6.2949,6.2449,2.6788,2.6209,2.7098,3.5264
363,36.3000,5.2924,3.0866,5.1696,0.9532,4.6327,4.6327,6.4613,6.1044,2.9372,2.7921,2.6372,3.6971
364,36.4000,5.3072,3.2061,5.1538,0.9797,4.6551,4.6551,6.2173,6.1208,2.8366,2.6722,2.7085,3.4113
365,36.5000,5.2690,3.3429,5.1368,0.9871,4.9826,4.9826,6.1373,6.2048,2.8763,2.5350,2.6421,3.3406
366,36.6000,4.9360,3.0044,5.0291,0.9642,4.7151,4.7151,6.1499,6.1265,2.5441,2.8482,2.5766,3.2681
367,36.7000,5.0452,3.0145,4.9340,0.9752,4.2859,4.2859,5.9562,5.8310,2.8347,2.6519,2.6097,3.3268
368,36.8000,5.4268,3.3150,4.7858,0.9758,4.2862,4.2862,5.9147,5.6644,2.8956,2.6515,2.6243,3.2209
369,36.9000,5.2363,3.1455,4.7519,0.9676,4.2581,4.2581,5.9077,5.6451,2.6629,2.6303,2.5613,3.3476
370,37.0000,5.6764,3.5212,4.9770,0.9888,4.6957,4.6957,6.3375,5.9306,3.0266,2.8396,2.5633,3.2974
371,37.1000,5.3103,3.0491,5.0011,0.9817,4.1542,4.1542,6.2896,5.4809,2.7139,2.6282,2.6591,3.3115
372,37.2000,5.1711,2.9406,4.6915,0.9558,3.6147,3.6147,5.7634,5.2848,2.6524,2.6826,2.8022,2.9687
373,37.3000,5.5518,3.3285,4.7647,0.9684,4.2731,4.2731,6.0939,5.7147,2.7715,2.5253,2.7231,3.0134
374,37.4000,5.1196,3.0593,4.8127,0.9870,4.5941,4.5941,5.8663,5.8767,2.8544,2.7750,2.6645,3.1221
375,37.5000,5.4281,3.2865,4.9149,0.9690,4.3401,4.3401,5.4831,5.4724,2.8239,2.7860,2.6776,3.2740
376,37.6000,4.9413,2.6979,4.9290,0.9721,4.0096,4.0096,5.8506,5.5873,2.6218,2.7411,2.5705,2.9781
377,37.7000,5.3690,3.1386,4.8423,0.9818,4.2384,4.2384,6.3214,5.7883,2.8164,2.6860,2.5659,3.4083
378,37.8000,5.2828,3.0412,5.0073,0.9709,4.5484,4.5484,6.4948,6.0380,2.7286,2.6041,2.5749,3.1094
379,37.9000,5.2255,2.9665,5.7643,0.9767,3.9652,3.9652,6.1569,5.6132,2.5595,2.6415,2.7119,3.2350
380,38.0000,5.0698,2.9964,5.0521,0.9730,4.0927,4.0927,6.0457,5.6179,2.6976,2.8091,2.6685,3.1350
381,38.1000,5.2930,3.1978,4.6303,0.9832,4.0939,4.0939,5.6567,5.3204,2.7337,2.6826,2.6167,3.2131
382,38.2000,5.3998,3.2037,4.9925,0.9480,3.9086,3.9086,5.8529,5.3200,2.7054,2.7285,2.5892,2.9575
383,38.3000,5.5107,3.3001,5.0265,0.9972,3.4704,3.4704,5.5891,5.1247,2.7537,2.8611,2.6495,3.0900
384,38.4000,5.1682,3.0314,4.4595,1.0024,3.3463,3.3463,5.5940,5.1212,2.6939,3.1351,2.6111,3.3661
385,38.5000,5.1529,2.9116,5.1476,0.9507,3.5799,3.5799,5.3714,5.1278,2.7493,2.5778,2.6844,3.4412
386,38.6000,5.4475,3.3557,4.9485,0.9816,4.1986,4.1986,5.5477,5.4474,2.9661,2.7216,2.5757,3.7188
387,38.7000,5.0476,2.9242,5.1521,0.9616,4.2145,4.2145,5.9052,5.4777,2.6773,2.9348,2.5761,3.3703
388,38.8000,5.0104,2.9352,4.5210,0.9950,3.9813,3.9813,5.6487,5.4123,2.7080,2.6207,2.6117,3.2292
389,38.9000,5.2265,2.9971,5.5237,0.9660,4.2885,4.2885,5.9136,5.7457,2.6257,2.7170,2.6926,3.2837
390,39.0000,5.2743,3.0742,5.1745,0.9784,4.4907,4.4907,6.1680,5.8794,2.7965,2.7033,2.5620,3.2043
391,39.1000,5.3027,3.1933,4.6198,0.9802,4.2038,4.2038,5.9785,5.7293,2.8003,2.6968,2.6299,3.2067
392,39.2000,5.2149,3.0414,4.7201,0.9823,4.0772,4.0772,5.7050,5.4174,2.6519,2.6149,2.6156,3.1355
393,39.3000,5.1844,3.0525,4.7220,0.9870,4.2797,4.2797,5.6116,5.3762,2.8022,2.8735,2.5617,3.4662
394,39.4000,4.9996,2.8412,5.0809,0.9821,3.9131,3.9131,5.5277,5.2870,2.6264,2.5858,2.5590,3.3573
395,39.5000,4.9671,2.9218,5.0040,0.9517,3.9691,3.9691,5.9553,5.6076,2.8206,2.6942,2.7324,3.2280
396,39.6000,5.2984,3.1714,5.3539,0.9739,4.6381,4.6381,6.2281,5.9835,2.7767,2.7539,2.7984,3.1788
397,39.7000,4.8696,2.7000,4.8702,0.9851,4.9401,4.9401,6.5332,6.1524,2.7056,2.4276,2.7072,3.1634
398,39.8000,5.0837,3.0578,4.9182,0.9782,4.6801,4.6801,6.1887,6.0058,2.7112,2.9577,2.5137,2.8896
399,39.9000,4.8535,2.7140,5.0884,0.9645,4.3453,4.3453,6.2304,5.8442,2.6645,2.7293,2.5578,3.0849
400,40.0000,5.1580,2.9257,4.8531,0.9687,4.5413,4.5413,6.1334,5.7984,2.9313,2.6531,2.6898,3.2877
401,40.1000,5.2225,2.9295,5.2605,0.9664,4.3743,4.3743,6.3909,5.7718,2.7103,2.7388,2.7541,3.1416
402,40.2000,5.2218,3.1310,5.0142,0.9861,4.7560,4.7560,5.9440,5.8495,2.7557,2.6952,2.6950,2.9970
403,40.3000,5.0531,2.8770,5.0853,0.9592,4.6172,4.6172,5.9892,5.8822,2.6257,2.5158,3.1376,3.2692
404,40.4000,5.3516,3.1907,4.6477,1.0121,4.3826,4.3826,6.0460,5.8084,2.7938,2.6612,2.9153,3.2285
405,40.5000,5.3745,3.3089,4.6022,0.9515,4.6321,4.6321,6.0094,5.6983,2.8786,2.6668,2.6610,2.9964
406,40.6000,5.3253,3.1266,4.5688,0.9782,4.1031,4.1031,5.5074,5.3872,2.6932,2.5989,2.8147,3.2735
407,40.7000,5.4410,3.1986,4.6102,1.0170,4.2984,4.2984,5.7841,5.6362,2.7624,2.6434,2.8775,3.1696
408,40.8000,5.2997,3.0937,5.0749,0.9546,3.9136,3.9136,5.9100,5.5914,2.7351,2.7448,2.6766,3.1023
409,40.9000,4.7823,2.7087,4.3467,0.9667,4.2219,4.2219,5.5752,5.5464,2.6786,2.5371,2.6586,3.2141
410,41.0000,5.1748,3.2227,4.9693,0.9761,4.4253,4.4253,5.8638,5.7170,2.9068,2.8344,2.6036,3.1017
411,41.1000,4.6939,2.8438,4.4106,1.0010,4.4715,4.4715,5.9052,5.8061,2.6321,2.8687,2.5703,2.9745
412,41.2000,5.4680,3.3690,4.7244,0.9563,4.7954,4.7954,6.0806,5.9657,2.9321,2.5626,2.6320,3.3210
413,41.3000,5.1652,2.9992,4.9455,0.9750,4.3610,4.3610,6.3283,5.8791,2.6967,2.7367,2.6665,3.1876
414,41.4000,5.2198,3.1697,5.0581,1.0001,4.5643,4.5643,5.8322,5.7972,2.6983,2.7575,2.6940,3.3833
415,41.5000,5.0675,3.0110,4.5606,0.9611,4.6593,4.6593,6.3648,6.0778,2.8473,2.7862,2.6241,3.3732
416,41.6000,5.2802,3.1446,4.7320,1.0009,4.5279,4.5279,6.0218,5.9186,2.9176,2.6384,2.7981,3.1922
417,41.7000,4.7666,2.8021,4.6517,0.9719,4.3988,4.3988,5.9906,5.7919,2.6823,2.5596,2.6678,2.9361
418,41.8000,5.5417,3.4946,4.8095,0.9582,4.1092,4.1092,6.0200,5.6710,3.4253,2.5754,2.6083,3.1887
419,41.9000,4.3810,2.3723,4.2314,0.9648,4.4293,4.4293,5.7935,5.8138,3.1853,2.9485,2.6183,3.1900
420,42.0000,5.2581,3.1353,4.5582,0.9736,3.9725,3.9725,5.8571,5.4562,2.6621,2.5832,2.6283,3.1776
421,42.1000,5.2287,3.0849,4.8688,0.9743,3.8379,3.8379,5.9311,5.4118,2.6181,2.7401,2.6097,3.4057
422,42.2000,4.8517,2.9833,4.3833,0.9831,4.0621,4.0621,5.5249,5.4548,2.6371,2.7125,2.7426,3.1436
423,42.3000,5.2096,3.0003,4.8423,0.9151,3.9397,3.9397,5.5395,5.2637,2.7990,2.7050,2.5520,3.1268
424,42.4000,4.9959,2.7607,4.5665,1.0280,4.0135,4.0135,5.6072,5.3827,2.8392,2.5640,2.5243,2.9713
425,42.5000,5.1500,3.0474,5.0897,0.9580,4.3374,4.3374,5.6892,5.6645,2.6957,2.7914,2.5667,3.1228
426,42.6000,5.2579,3.0826,4.8463,0.9301,4.3061,4.3061,5.8154,5.6720,2.7712,2.5735,2.4756,2.9788
427,42.7000,5.2546,3.0659,5.2576,1.0001,4.0908,4.0908,5.9049,5.6422,2.7982,2.7447,2.5736,3.1180
428,42.8000,5.0542,2.8316,4.6218,0.9810,3.7804,3.7804,5.8830,5.3669,2.7799,2.6496,2.5432,2.9611
429,42.9000,5.3472,3.1121,5.3550,0.9989,4.4474,4.4474,6.0978,5.7601,2.6819,2.5938,2.6340,3.2513
430,43.0000,5.2127,2.9491,5.0582,0.9457,4.2370,4.2370,6.1454,5.7106,2.7779,2.9299,2.6334,3.1929
431,43.1000,5.1567,3.0449,4.8331,0.9619,4.1602,4.1602,6.2962,5.7270,2.7385,2.6981,2.6226,2.8550
432,43.2000,5.3514,3.3430,4.9639,1.0111,5.0497,5.0497,6.0166,6.0469,2.9422,2.6723,2.6026,2.9750
433,43.3000,5.1216,3.0952,4.8733,0.9623,4.7706,4.7706,6.0622,6.0382,3.0754,2.7115,2.6052,3.1873
434,43.4000,5.1887,3.0077,4.9295,0.9573,3.8692,3.8692,6.3318,5.7664,2.7517,2.8987,2.6856,3.0216
435,43.5000,5.0194,2.9031,4.8856,1.0103,4.5939,4.5939,5.9495,5.7476,2.7305,2.7166,2.6188,2.8841
436,43.6000,4.7290,2.6716,4.7169,0.9760,4.4548,4.4548,5.7660,5.8002,2.6596,2.7178,2.6193,3.0866
437,43.7000,4.6755,2.4602,5.1135,0.9594,4.1870,4.1870,6.2312,5.8274,2.6751,2.5529,2.6655,2.9729
438,43.8000,5.5583,3.3766,5.2420,0.9962,3.9840,3.9840,6.7540,5.8234,2.8251,2.7538,2.6003,3.0984
439,43.9000,5.0678,2.8514,4.7798,0.9612,4.4216,4.4216,6.3998,5.8038,2.5818,2.6667,2.7952,3.0691
440,44.0000,5.4587,3.2144,4.8707,0.9767,4.0436,4.0436,6.1305,5.6003,2.9289,2.6051,2.7486,2.9042
441,44.1000,5.4514,3.2357,5.1432,0.9790,4.0632,4.0632,6.2230,5.6140,2.8434,2.7968,2.6862,2.9804
442,44.2000,5.1250,2.9213,5.1858,0.9645,4.5796,4.5796,6.2441,5.8812,2.7466,2.5905,2.7608,3.0634
443,44.3000,4.8242,2.5932,4.9141,0.9709,4.7061,4.7061,6.6036,6.1561,2.5513,2.5929,2.6061,3.2940
444,44.4000,5.2598,3.1023,5.0172,0.9574,4.5501,4.5501,6.5328,6.1279,2.9720,2.7741,2.7393,3.1598
445,44.5000,5.1497,2.9769,4.9201,0.9858,4.2081,4.2081,6.4220,5.8870,2.5622,2.6414,2.7589,3.1257
446,44.6000,5.5396,3.3357,5.0354,0.9573,4.4355,4.4355,6.2824,5.8886,2.8220,2.7887,2.6683,2.9986
447,44.7000,5.4188,3.1850,5.0108,0.9762,4.6066,4.6066,6.6045,6.1224,2.9190,2.5972,2.7244,2.9332
448,44.8000,5.3126,3.2205,5.2587,0.9733,4.5519,4.5519,6.1451,5.8538,2.8235,2.6472,2.8098,3.0474
449,44.9000,4.9812,2.7614,5.0903,0.9827,4.2629,4.2629,6.4222,5.7878,2.6811,2.8220,2.6159,3.1146
450,45.0000,5.0730,2.8477,5.0506,0.9557,4.4372,4.4372,6.0550,5.8498,2.8212,2.7001,2.7872,3.1417
451,45.1000,5.2119,3.0860,4.4697,0.9891,4.5272,4.5272,6.4166,5.8511,2.8510,2.5598,2.6587,3.0985
452,45.2000,5.0743,2.8816,5.1382,0.9490,4.1509,4.1509,6.5080,5.7653,2.6069,2.8660,2.7340,2.7842
453,45.3000,5.0712,2.8641,5.1356,1.0015,4.0917,4.0917,6.2743,5.7440,2.6454,2.6235,2.7123,3.0121
454,45.4000,5.1135,2.9538,5.0758,0.9416,4.7566,4.7566,6.3439,6.0352,2.8068,2.5347,2.6181,2.9808
455,45.5000,5.0443,2.9825,5.0106,0.9894,4.2574,4.2574,6.5013,6.0034,2.7405,2.9357,2.5615,3.3039
456,45.6000,5.1525,2.9981,4.7351,0.9656,4.4180,4.4180,6.5197,5.9608,2.7946,2.7992,2.6439,3.1488
457,45.7000,4.8971,2.9340,4.7270,0.9885,4.8825,4.8825,6.0875,6.1284,2.6942,2.6355,2.6591,2.8867
458,45.8000,5.0781,2.9492,4.9504,0.9460,4.3552,4.3552,6.4856,5.9557,2.6988,2.6748,2.6920,3.0342
459,45.9000,5.1663,3.0137,4.7842,1.0057,4.4397,4.4397,6.3538,5.8502,2.7726,2.7302,2.7744,3.2758
460,46.0000,5.0347,2.8940,4.7770,0.9311,4.1216,4.1216,5.9818,5.6606,2.6785,2.6749,2.6639,3.1731
461,46.1000,5.3939,3.3760,4.6852,1.0034,4.6967,4.6967,6.1935,5.9050,2.7983,2.6335,2.6449,3.3202
462,46.2000,4.9812,2.7554,5.1034,0.9339,4.2121,4.2121,6.5251,5.9110,2.7589,2.7182,2.6753,3.3489
463,46.3000,5.2951,3.0487,4.9751,1.0242,4.2287,4.2287,6.3483,5.7390,2.7376,2.8256,2.5748,3.1970
464,46.4000,4.9111,2.6527,4.9007,0.9291,4.1869,4.1869,6.1195,5.7969,2.5136,2.6553,2.6203,3.1447
465,46.5000,5.2016,2.9680,5.0576,1.0047,4.6958,4.6958,6.6110,6.1019,2.9944,2.6381,2.7914,3.4012
466,46.6000,5.1362,3.0108,5.0099,0.9464,4.5586,4.5586,6.7799,6.0031,2.7481,2.6304,2.7455,3.0189
467,46.7000,5.1962,3.1098,4.8366,0.9728,4.2843,4.2843,6.4857,5.9875,2.7427,2.5509,2.6041,3.0340
468,46.8000,4.9208,2.8341,4.8779,0.9780,4.6109,4.6109,6.1181,6.0382,2.7834,2.8636,2.6423,2.9717
469,46.9000,5.0590,2.9162,5.1703,0.9653,4.3338,4.3338,6.2525,5.9540,2.7343,2.5025,2.7210,2.8320
470,47.0000,5.3566,3.1147,5.2438,1.0132,4.0209,4.0209,6.2303,5.7389,2.8101,2.9108,2.6647,2.9749
471,47.1000,5.1704,2.9858,4.8271,0.9248,4.0964,4.0964,6.0341,5.5198,2.7699,2.7343,2.5915,3.0260
472,47.2000,4.9184,2.8207,4.6032,1.0039,4.2054,4.2054,6.0754,5.6869,2.6615,2.6899,2.6831,3.0125
473,47.3000,5.0580,2.8504,5.0723,0.9506,4.5502,4.5502,6.1003,5.9839,2.6327,2.6328,2.6459,3.2499
474,47.4000,5.0625,3.0089,4.7809,0.9763,4.2921,4.2921,6.3464,5.9665,3.0720,2.6001,2.7440,3.2451
475,47.5000,5.2653,3.1595,4.5691,1.0017,4.8340,4.8340,6.5359,6.3012,3.2400,2.7074,2.6961,3.0844
476,47.6000,5.3409,3.1306,4.9321,0.9593,4.5259,4.5259,6.6407,6.1613,2.9375,2.6719,2.7214,3.0561
477,47.7000,5.1762,3.2119,4.4893,0.9989,4.5673,4.5673,6.2746,6.1201,2.9014,2.8392,2.6373,3.1856
478,47.8000,5.4806,3.3889,4.7944,0.9551,4.9161,4.9161,6.6642,6.2925,2.9584,2.5944,2.6391,2.9162
479,47.9000,5.2566,3.0981,5.1974,0.9796,4.5524,4.5524,6.8302,6.2034,2.7637,2.5830,2.7999,3.2052
480,48.0000,4.8779,2.6469,4.9765,0.9667,4.4772,4.4772,6.4783,6.1420,2.7806,2.5505,2.7419,3.2639
481,48.1000,5.0242,2.7863,4.9806,0.9753,4.2389,4.2389,6.4075,5.8102,2.7899,2.8033,2.6185,3.3974
482,48.2000,5.2733,3.0862,4.7923,0.9872,3.9361,3.9361,5.7680,5.5420,2.7918,2.6016,2.6921,3.3518
483,48.3000,5.2147,3.0047,4.7027,0.9482,4.0098,4.0098,6.0374,5.6058,2.8350,2.6308,2.7302,2.9970
484,48.4000,5.1615,3.0130,4.7384,0.9838,4.3292,4.3292,6.5143,5.9328,2.7729,2.7936,2.6247,3.2663
485,48.5000,5.3484,3.1317,4.8585,0.9873,4.3750,4.3750,5.9648,5.7036,2.8231,2.7124,2.7076,3.4687
486,48.6000,5.3246,3.1512,4.8958,0.9715,4.1644,4.1644,6.0552,5.5884,2.7176,2.7776,2.6124,2.8907
487,48.7000,5.5885,3.3677,5.2039,0.9927,4.3375,4.3375,6.5978,5.9633,2.9493,2.6287,2.7266,2.8472
488,48.8000,5.1169,2.9530,4.6369,0.9577,4.7119,4.7119,6.6123,6.1142,2.7931,2.6455,2.6546,3.2128
489,48.9000,5.1248,2.9686,5.0192,0.9744,4.5588,4.5588,6.4295,5.9908,2.7668,2.8459,2.6038,3.0064
490,49.0000,5.0571,2.8473,5.0233,0.9531,4.2145,4.2145,6.6518,6.0415,2.5916,2.7513,2.5256,2.7836
491,49.1000,5.3140,3.0747,5.4619,0.9983,4.2354,4.2354,6.5207,5.8883,2.7017,2.6618,2.5716,3.0638
492,49.2000,5.1150,2.9623,4.8563,0.9470,4.0522,4.0522,5.9312,5.5406,2.6730,2.7447,2.6639,2.9597
493,49.3000,4.9619,2.7611,5.0441,0.9791,3.7900,3.7900,6.1303,5.5145,2.6417,3.2825,2.5466,3.1014
494,49.4000,5.0956,2.8983,5.0419,0.9828,3.9055,3.9055,6.1409,5.4345,2.7822,3.1802,2.5566,3.0303
495,49.5000,5.3035,3.1622,4.9545,0.9753,3.9032,3.9032,5.8867,5.4934,2.8038,2.5690,2.6918,3.0923
496,49.6000,5.2065,3.0496,4.6842,0.9429,4.5951,4.5951,6.1256,6.1001,2.7373,2.6990,2.6727,2.9370
497,49.7000,4.8197,2.7932,4.5971,1.0110,4.6702,4.6702,6.3668,6.1291,2.9644,2.8170,2.5975,2.9864
498,49.8000,5.1370,2.9615,5.5033,0.9408,4.2752,4.2752,6.2245,5.8026,2.7706,2.5289,2.6103,3.2584
499,49.9000,5.1810,3.0505,4.4890,0.9686,4.2993,4.2993,6.2879,5.9391,2.6775,2.8278,2.7629,2.8301
500,50.0000,5.4768,3.2088,4.9380,0.9953,4.1590,4.1590,6.7468,6.0647,2.6668,2.6417,2.7601,3.0287
501,50.1000,5.2913,3.0883,4.5743,0.9469,4.4624,4.4624,6.3906,6.0151,2.7855,2.7394,2.7786,3.3508
502,50.2000,4.1310,1.9551,4.7666,1.0162,4.4209,4.4209,6.1186,5.8941,2.7889,2.7391,2.8118,2.9005
503,50.3000,3.8889,1.6677,4.4919,0.9935,4.0127,4.0127,6.0565,5.6287,2.5932,2.6586,2.6536,3.0351
504,50.4000,3.8476,1.7555,4.4123,0.9783,4.6025,4.6025,6.4670,6.0415,2.6262,2.6333,2.6386,3.1791
505,50.5000,4.7459,2.6852,4.5374,0.9518,4.7001,4.7001,6.0706,6.1190,3.0904,2.7209,2.6875,3.2656
506,50.6000,5.2320,3.2036,5.0146,0.9701,4.8790,4.8790,6.1580,6.1126,2.7162,2.7878,2.6638,3.2400
507,50.7000,5.2628,3.1792,4.7015,0.9647,4.2756,4.2756,5.9552,5.9694,2.7768,2.9628,2.7145,3.2871
508,50.8000,5.3371,3.2129,4.5033,0.9973,4.8209,4.8209,6.1232,6.1103,2.9283,2.7135,2.7340,3.1884
509,50.9000,5.2122,3.0199,5.1571,0.9592,4.4690,4.4690,6.3744,6.0741,2.6810,2.6602,2.7176,3.3024
510,51.0000,5.1658,2.9231,4.9319,1.0388,3.6666,3.6666,6.3023,5.5547,2.7363,2.6120,2.5425,3.4168
511,51.1000,4.9220,2.7274,4.7092,0.9730,3.9630,3.9630,5.8687,5.4800,2.7220,2.6719,2.5469,3.3051
512,51.2000,5.0616,2.9090,4.4218,0.9730,4.4103,4.4103,5.7242,5.7644,2.6722,2.7143,2.6754,3.1000
513,51.3000,5.3783,3.1140,4.9514,0.9880,4.0708,4.0708,6.3513,5.8921,2.8911,2.6217,2.5830,3.5115
514,51.4000,5.2060,3.0121,5.1641,0.9588,4.3760,4.3760,6.7411,5.9486,2.6594,2.6434,2.5782,3.3792
515,51.5000,5.8179,3.5842,4.9268,0.9954,4.1407,4.1407,6.7115,5.7936,3.1356,2.7252,2.6777,3.1668
516,51.6000,4.9632,2.7949,5.5550,0.9402,3.8812,3.8812,6.2349,5.6863,2.5702,2.6530,2.6101,3.0556
517,51.7000,4.9226,2.7162,5.1766,1.0014,4.1652,4.1652,6.2631,5.8020,2.9889,2.5486,2.7221,2.9804
518,51.8000,5.0545,2.9000,5.1540,0.9626,4.4018,4.4018,6.2266,5.9048,2.5995,2.6494,2.6709,2.9887
519,51.9000,5.4007,3.1291,5.3028,0.9865,4.7611,4.7611,6.8851,6.3106,3.0654,2.7417,2.6746,3.3501
520,52.0000,5.3130,3.2148,5.2054,0.9747,4.2469,4.2469,6.7847,6.0070,2.6572,2.6872,2.6305,3.2307
521,52.1000,5.3633,3.1892,4.4610,0.9353,4.4189,4.4189,6.4246,5.9160,2.9337,2.6633,2.6652,3.2369
522,52.2000,5.1679,3.0710,4.5282,1.0005,4.6584,4.6584,5.7823,5.7287,2.6933,2.8435,2.6181,3.1809
523,52.3000,4.7864,2.5982,4.5529,0.9557,4.2040,4.2040,5.8920,5.6156,2.6492,2.6019,2.6419,3.1093
524,52.4000,5.0897,3.0407,4.9637,0.9679,4.5356,4.5356,6.1040,5.9415,2.8865,2.7627,2.6850,3.3751
525,52.5000,5.3732,3.2452,4.9943,0.9701,4.6710,4.6710,6.6054,6.1181,2.9733,2.8579,2.6743,3.1730
526,52.6000,5.6219,3.3955,4.7396,1.0124,4.4511,4.4511,6.5008,5.8979,3.2048,2.5571,2.6553,3.3425
527,52.7000,5.0904,2.8856,4.7840,0.9291,4.2536,4.2536,5.9427,5.6697,2.7015,2.9874,2.6874,3.3903
528,52.8000,4.7595,2.5729,4.7089,1.0214,3.8669,3.8669,5.8275,5.4445,2.6186,3.0659,2.5642,3.6698
529,52.9000,5.1209,2.9672,5.1674,0.9558,4.1629,4.1629,5.9269,5.7446,2.7710,2.8567,2.6342,3.2418
530,53.0000,5.1131,3.1299,5.0355,0.9643,4.7204,4.7204,6.0250,6.0137,2.8810,2.6414,2.5952,3.1606
531,53.1000,4.9006,2.6900,4.7957,0.9877,4.4789,4.4789,5.9859,5.8479,2.7210,2.5316,2.6526,2.9523
532,53.2000,5.1943,2.9945,5.3555,0.9515,4.1113,4.1113,6.1312,5.7121,2.7451,2.7823,2.7154,3.1167
533,53.3000,5.1460,2.9323,4.6020,1.0133,4.2212,4.2212,6.3677,5.8635,2.8726,2.6046,2.5135,3.2069
534,53.4000,5.3795,3.2089,5.0131,0.9652,4.5991,4.5991,6.0311,5.7378,2.9193,2.6843,2.5639,3.0311
535,53.5000,4.7252,2.5274,4.7540,0.9570,4.1367,4.1367,6.3266,5.8041,2.9109,2.6355,2.6276,3.2332
536,53.6000,4.3033,2.1058,4.5718,0.9629,4.3376,4.3376,6.2171,5.8761,2.8011,2.6587,2.6208,3.1546
537,53.7000,4.1929,2.1083,4.6460,0.9514,4.5467,4.5467,6.2797,6.0853,2.9749,2.5980,2.6187,2.7974
538,53.8000,4.6487,2.4828,5.0179,0.9563,4.5597,4.5597,6.3714,6.0938,2.5825,2.5578,2.6618,2.7900
539,53.9000,4.9504,2.7241,4.5389,0.9970,4.2973,4.2973,5.9989,5.7188,2.7853,2.6744,2.6466,3.0942
540,54.0000,5.1882,3.0493,4.9897,0.9406,4.4868,4.4868,6.1905,5.9056,2.7089,2.6988,2.5544,3.1467
541,54.1000,5.1681,3.0171,4.1977,0.9756,4.3443,4.3443,6.4601,5.8791,2.7861,2.6413,2.6004,3.0123
542,54.2000,5.4039,3.1217,5.1319,0.9915,4.7202,4.7202,6.5630,6.1897,2.9106,2.7504,2.4923,3.0544
543,54.3000,5.2887,3.0633,4.7904,0.9673,4.3109,4.3109,6.3104,5.8783,2.7875,2.6610,2.5630,3.0410
544,54.4000,5.1617,2.9505,5.2946,0.9728,3.9837,3.9837,6.1870,5.5494,2.6801,2.6017,2.5945,3.0240
545,54.5000,4.9156,2.6774,4.9162,0.9834,4.2647,4.2647,6.3659,5.8495,2.7277,2.5536,2.6553,3.0319
546,54.6000,5.1479,2.9734,5.0454,0.9726,4.4044,4.4044,6.0583,5.9829,2.7421,2.5689,2.6954,3.0423
547,54.7000,5.0884,2.9477,4.9843,0.9517,4.6745,4.6745,6.6120,6.2799,2.7805,2.6422,2.6583,3.0750
548,54.8000,5.1575,2.9964,4.9060,0.9766,4.4643,4.4643,6.0330,5.9241,2.7371,2.6544,2.7415,3.0142
549,54.9000,5.2950,3.0980,4.8028,0.9974,4.2679,4.2679,6.0470,5.8195,2.8280,2.6319,2.5971,3.3243
550,55.0000,5.0294,2.9434,4.4843,0.9548,4.2631,4.2631,5.8505,5.7492,2.8904,2.6402,2.6991,3.1862
551,55.1000,4.6295,2.3993,4.6170,0.9820,4.6538,4.6538,6.1196,6.0586,2.9725,2.6540,2.6953,3.2809
552,55.2000,4.9530,2.8095,5.0797,0.9290,3.9680,3.9680,5.7483,5.6119,2.6798,2.6143,2.6085,3.1944
553,55.3000,4.9138,2.9602,4.5784,1.0257,4.1031,4.1031,5.6519,5.5633,2.7408,2.7532,2.6147,2.8278
554,55.4000,5.1153,3.0438,5.1201,0.9432,4.6420,4.6420,6.0368,5.9652,2.8056,2.6233,2.6867,3.0654
555,55.5000,5.2194,3.0281,5.1034,0.9785,4.2400,4.2400,6.2944,5.9879,2.8161,2.6645,2.6772,3.2499
556,55.6000,5.1865,3.0320,4.8302,0.9681,4.3406,4.3406,5.8442,5.7892,2.7193,2.7162,2.6604,3.0440
557,55.7000,4.9885,2.8423,4.3190,0.9788,4.3718,4.3718,5.6462,5.6456,2.7193,2.7871,2.6156,3.1337
558,55.8000,5.0373,2.8370,5.1311,0.9836,4.3285,4.3285,6.1744,5.9209,2.7734,2.6474,2.6202,3.6730
559,55.9000,4.9011,2.7042,4.5890,0.9712,4.1106,4.1106,6.2320,5.8644,2.7982,2.7310,2.6561,3.1954
560,56.0000,5.1063,2.9526,5.0082,1.0004,4.3475,4.3475,5.6977,5.9334,2.7292,2.9062,2.5799,3.3652
561,56.1000,4.8621,2.8602,4.5150,0.9205,4.7576,4.7576,5.9103,6.2307,2.7969,2.9510,2.5761,3.3996
562,56.2000,5.0868,2.9594,4.4916,1.0157,4.9956,4.9956,6.3555,6.4330,2.8476,2.9965,2.6548,3.2164
563,56.3000,5.2643,3.0733,4.8851,0.9312,4.6110,4.6110,6.5908,6.1561,2.9032,2.7459,2.4832,3.2538
564,56.4000,5.0015,2.8369,5.1092,1.0082,4.6601,4.6601,6.4792,6.1633,2.7321,2.6348,2.5500,3.2549
565,56.5000,5.0704,2.8597,4.9151,0.9778,4.4853,4.4853,6.4355,6.0584,2.6673,2.7460,2.6869,3.6004
566,56.6000,4.8473,2.7492,4.6926,0.9572,4.8483,4.8483,6.0698,6.0649,2.8359,2.6659,2.6434,3.6217
567,56.7000,4.9412,2.7656,4.9188,1.0016,4.1886,4.1886,6.0344,5.7346,2.7844,2.5937,2.5437,3.5309
568,56.8000,5.1836,2.9020,5.3622,0.9906,4.2663,4.2663,6.3967,6.0575,2.7906,2.5658,2.5669,3.5755
569,56.9000,5.1238,3.1375,4.4501,1.0191,4.8295,4.8295,6.4961,6.2128,2.9287,2.6436,2.7406,3.5821
570,57.0000,5.3355,3.1979,4.9123,0.9155,5.0514,5.0514,6.5829,6.4527,2.9217,2.8888,2.7391,3.7010
571,57.1000,5.3341,3.1689,4.5786,0.9836,4.1458,4.1458,6.1765,5.9814,2.7274,2.8121,2.8318,3.6861
572,57.2000,5.1684,3.0601,4.7872,1.0168,4.8283,4.8283,6.1358,6.1042,2.6809,2.6170,2.7245,3.5828
573,57.3000,5.0229,2.8965,4.9263,0.9542,4.1644,4.1644,6.2399,5.8913,2.6845,2.7448,2.6803,3.4058
574,57.4000,4.7351,2.5109,5.5779,0.9909,4.0559,4.0559,5.7811,5.6759,2.6364,2.6618,2.7235,3.2802
575,57.5000,4.9584,2.7671,4.9613,0.9739,4.5185,4.5185,6.2601,6.0115,2.8151,2.5196,2.5691,3.0985
576,57.6000,5.1579,3.0181,4.8166,0.9542,4.4071,4.4071,6.1886,5.8422,2.6912,2.7369,2.7281,3.1464
577,57.7000,5.1767,2.9794,5.3436,0.9921,4.0273,4.0273,5.9322,5.6483,2.8396,2.6491,2.6936,3.4612
578,57.8000,5.2996,3.1290,4.7988,0.9640,3.8563,3.8563,6.1789,5.7385,2.7018,2.8474,2.6117,3.3785
579,57.9000,5.0096,2.8217,5.0219,0.9879,4.4432,4.4432,6.2135,5.9998,2.6007,2.6738,2.6551,3.1336
580,58.0000,5.1489,3.0721,4.7933,0.9542,4.5002,4.5002,6.1612,6.0078,2.9069,2.6200,2.5592,3.2590
581,58.1000,5.0237,2.8694,5.3874,1.0058,4.3880,4.3880,6.4905,6.1896,2.8060,2.7844,2.6970,3.4672
582,58.2000,5.3512,3.2180,4.7914,0.9664,4.3250,4.3250,6.5306,6.2565,2.8018,2.8529,2.6703,3.4175
583,58.3000,5.1769,3.1707,4.8321,0.9501,4.5606,4.5606,6.5788,6.4147,2.8645,2.6544,2.7031,3.5311
584,58.4000,4.6451,2.6828,5.2216,1.0318,4.7579,4.7579,6.5685,6.3601,2.7865,2.5482,2.6798,3.5042
585,58.5000,4.6021,2.7807,5.0779,1.0029,5.0132,5.0132,5.9857,6.2729,2.7053,2.6780,2.6528,3.3556
586,58.6000,4.8086,2.6912,5.0365,0.9598,5.0215,5.0215,5.8867,6.2242,2.7501,2.6648,2.6038,3.4038
587,58.7000,5.4319,3.2467,5.1308,0.9734,4.5836,4.5836,6.5249,6.2815,2.9035,2.5626,2.5106,3.1571
588,58.8000,5.2343,3.1935,4.5846,1.0149,4.6380,4.6380,6.1926,6.1438,2.8705,2.8237,2.5668,3.3043
589,58.9000,4.8408,2.7643,4.6521,0.9292,4.8116,4.8116,6.1030,5.9955,2.6962,2.6380,2.6012,3.0162
590,59.0000,5.2981,3.1804,4.9408,0.9912,4.3066,4.3066,5.9789,5.8377,2.6475,2.6266,2.6105,3.0700
591,59.1000,4.7457,2.7114,4.5837,1.0072,4.1950,4.1950,5.8345,5.7693,2.5649,2.5803,2.6516,3.5756
592,59.2000,5.0805,3.0288,4.8363,0.9743,4.6652,4.6652,6.5204,6.4129,2.7540,2.6623,2.5731,3.3668
593,59.3000,5.1576,3.1671,4.9531,0.9469,5.2034,5.2034,6.6918,6.7405,2.8514,2.5751,2.6107,3.3994
594,59.4000,4.9037,2.8137,5.3619,0.9904,4.9265,4.9265,6.4200,6.4204,2.7826,2.7581,2.6371,3.2339
595,59.5000,5.1304,3.0398,4.8509,0.9750,4.2327,4.2327,6.4942,6.1374,2.7621,2.6651,2.6970,3.2697
596,59.6000,4.8468,2.8656,4.5243,0.9609,4.8233,4.8233,6.0897,6.1415,2.8645,2.6712,2.6107,3.3361
597,59.7000,5.1499,3.2453,4.5882,0.9661,4.5020,4.5020,5.8708,6.0190,2.7741,2.5734,2.6448,3.5495
598,59.8000,4.9164,2.9456,5.1280,1.0309,4.5675,4.5675,5.9993,5.9707,2.7586,2.6686,2.5959,3.6615
599,59.9000,4.7477,2.5251,5.0492,0.9491,4.2292,4.2292,6.3950,6.0146,2.6143,2.5436,2.8586,3.7283
600,60.0000,5.3937,3.2771,4.8905,0.9500,4.3504,4.3504,6.5478,6.0773,3.0230,2.6245,2.6641,3.3942
601,60.1000,5.1060,3.0441,4.4221,1.0191,3.9409,3.9409,6.4743,5.9705,2.7087,2.8803,2.7157,3.2810
602,60.2000,4.8985,2.7420,5.0580,0.9946,4.1873,4.1873,6.4435,6.0740,2.6766,2.5533,2.6207,3.2198
603,60.3000,4.7225,2.7285,4.8129,0.9210,4.4337,4.4337,6.0105,5.9779,2.7290,2.7506,2.5680,3.6994
604,60.4000,4.7275,2.6968,5.2842,0.9839,4.3519,4.3519,6.0929,5.9645,2.6040,2.6914,2.5446,3.2678
605,60.5000,4.6901,2.5641,4.9446,0.9968,4.2329,4.2329,6.3546,5.9084,2.7071,2.6426,2.5251,3.1982
606,60.6000,5.2026,2.9604,5.0148,0.9619,4.2931,4.2931,6.0106,5.8491,2.6878,2.6243,2.5847,3.4685
607,60.7000,5.1862,3.0670,4.9612,0.9867,4.4177,4.4177,6.2998,6.1546,2.6970,2.5377,2.5592,3.5844
608,60.8000,5.3637,3.3412,4.6685,0.9751,4.0510,4.0510,6.0410,5.7283,2.8131,2.7828,2.5314,3.5551
609,60.9000,4.7090,2.7062,4.5979,0.9614,4.2096,4.2096,5.6786,5.8954,2.5518,2.7260,2.5425,3.4973
610,61.0000,5.4130,3.4707,4.4658,0.9628,4.4976,4.4976,6.2177,6.0796,2.9923,2.8599,2.5360,3.5712
611,61.1000,4.7984,2.9262,4.8035,0.9917,4.6851,4.6851,6.1619,6.0581,2.7348,2.6559,2.6148,3.4258
612,61.2000,4.6591,2.8961,4.8273,0.9755,4.4061,4.4061,5.9342,5.9753,2.6804,2.6323,2.6072,3.4652
613,61.3000,4.6907,3.2293,4.5662,0.9627,4.9339,4.9339,6.4182,6.2514,2.7952,2.9006,2.6013,3.2906
614,61.4000,4.6744,3.1772,4.9806,0.9817,5.7689,5.7689,6.4619,6.7306,2.9626,2.5964,2.7712,3.1810
615,61.5000,4.9371,3.1578,5.0275,0.9870,5.0178,5.0178,6.4666,6.4524,2.8156,2.5895,2.7191,3.1268
616,61.6000,4.8820,3.0076,4.3325,0.9713,4.5822,4.5822,6.4215,6.1627,2.7791,2.7162,2.6595,3.3458
617,61.7000,4.8060,2.8051,5.1648,0.9653,4.2144,4.2144,5.9500,5.8269,2.7019,2.6687,2.6109,3.3940
618,61.8000,5.3278,3.4205,4.8611,0.9784,4.5287,4.5287,6.1090,6.0944,2.9830,2.6976,2.6014,3.6134
619,61.9000,4.8422,3.0361,4.8817,0.9901,4.8560,4.8560,5.8888,6.1320,2.7056,2.7458,2.7182,3.4316
620,62.0000,4.7931,2.7396,4.9812,0.9634,4.3684,4.3684,6.1955,5.9832,2.8909,2.7454,2.6165,3.4824
621,62.1000,5.2324,3.4477,4.9570,1.0003,3.6534,3.6534,6.4794,5.6483,3.0548,2.6141,2.5771,3.5131
622,62.2000,4.5795,2.5678,5.0275,0.9734,4.1069,4.1069,5.9427,5.6970,2.7216,2.6757,2.6397,3.3055
623,62.3000,4.5846,2.7430,4.7196,0.9588,5.0093,5.0093,5.8941,6.1657,2.6050,2.5557,2.6733,3.5756
624,62.4000,4.8241,2.8812,4.5484,0.9941,4.2322,4.2322,6.1635,5.9519,2.5009,2.8683,2.6824,3.2291
625,62.5000,5.1413,3.0094,4.8496,0.9719,4.3358,4.3358,6.5108,6.1672,2.8324,2.7550,2.5444,3.2688
626,62.6000,5.1442,2.9890,4.8003,0.9657,4.1199,4.1199,6.3166,6.0126,2.6179,2.6497,2.7917,3.5527
627,62.7000,5.2453,3.0155,5.2629,0.9702,4.6262,4.6262,6.6433,6.3290,2.8794,2.6689,2.6846,3.1165
628,62.8000,4.8806,2.7628,5.2841,0.9629,4.7226,4.7226,6.5037,6.1520,2.7133,2.6183,2.6658,3.0717
629,62.9000,5.1819,3.2416,4.6693,0.9834,4.2675,4.2675,6.3574,6.0336,2.8481,2.7279,2.6675,3.5056
630,63.0000,5.2460,3.0741,4.8971,0.9574,4.3449,4.3449,6.1944,6.0315,2.7029,2.6785,2.6346,3.6049
631,63.1000,4.8101,2.7117,4.8357,0.9904,4.4750,4.4750,6.3809,5.9886,2.7460,2.7241,2.6490,3.4117
632,63.2000,5.0192,2.9560,5.2312,0.9710,4.0184,4.0184,6.3502,5.8659,2.7099,2.7721,2.6349,3.2131
633,63.3000,4.7851,2.9230,5.0563,0.9671,4.3979,4.3979,5.7748,5.8646,2.5557,2.9024,2.6265,3.2794
634,63.4000,4.4690,2.9956,4.6176,0.9870,4.9652,4.9652,5.6010,6.0341,2.6798,2.6459,2.7363,3.0642
635,63.5000,4.7343,2.9396,4.9629,0.9462,4.4306,4.4306,5.7547,5.9754,2.6891,2.7207,2.7403,3.3837
636,63.6000,4.7846,2.7845,5.0879,1.0012,4.2625,4.2625,6.1891,6.0164,2.7002,2.6833,2.6847,3.2672
637,63.7000,5.1391,2.9929,4.5948,0.9980,4.5399,4.5399,6.8593,6.3066,2.6819,2.6125,2.6272,3.4095
638,63.8000,5.1115,3.0253,5.1232,0.9557,4.7383,4.7383,6.6212,6.3969,2.9665,2.6586,2.7408,3.4718
639,63.9000,4.8179,2.6720,5.2119,0.9717,4.1801,4.1801,6.3714,5.9860,2.6651,2.5821,2.7232,3.2081
640,64.0000,4.8915,2.7915,5.4937,0.9674,4.3675,4.3675,6.1870,5.9696,2.5764,2.6926,2.6554,3.0573
641,64.1000,5.1138,3.1214,5.3253,0.9748,4.6371,4.6371,6.4592,6.2379,2.8259,2.7116,2.5761,3.2797
642,64.2000,5.2013,3.0631,5.3198,0.9764,4.5766,4.5766,6.5558,6.0912,2.8848,2.7572,2.8210,3.3711
643,64.3000,5.4681,3.2248,5.4966,0.9644,4.4500,4.4500,6.6352,6.1397,2.8021,2.9071,2.6843,3.4688
644,64.4000,5.2611,3.2028,4.6580,0.9913,4.4858,4.4858,6.2212,6.1475,2.8841,2.5632,2.8367,3.3504
645,64.5000,4.7663,2.8927,4.5527,0.9319,4.6673,4.6673,6.1472,6.0637,2.6576,2.6811,2.6626,3.2397
646,64.6000,5.0614,3.0459,5.3326,0.9724,4.4303,4.4303,6.1983,6.0732,2.6410,2.5968,2.6465,3.7136
647,64.7000,4.8412,2.6677,4.6675,0.9888,4.2089,4.2089,6.6394,6.1241,2.5796,2.6930,2.7429,3.4277
648,64.8000,5.1753,3.1149,5.1615,0.9696,4.8365,4.8365,6.5948,6.3892,2.7653,2.7874,2.6900,3.4499
649,64.9000,5.0032,3.0266,4.7692,0.9662,4.7913,4.7913,6.5146,6.3596,2.7548,2.6919,2.6091,3.5569
650,65.0000,5.2220,3.2431,4.8730,0.9969,4.4996,4.4996,6.5168,6.2411,2.7897,2.7446,2.6212,3.5521
651,65.1000,5.3754,3.1115,5.4149,0.9444,4.6658,4.6658,6.7329,6.3606,2.6862,2.6839,2.7816,3.1058
652,65.2000,5.2373,2.9591,5.2586,0.9994,4.0061,4.0061,6.7553,6.1599,2.5572,2.7157,2.6098,3.1831
653,65.3000,5.2181,3.0968,5.1645,0.9976,4.6401,4.6401,6.5045,6.3437,2.7907,2.6383,2.7408,3.3586
654,65.4000,5.0699,3.1700,4.7543,0.9454,4.8907,4.8907,6.2328,6.3613,2.8890,2.8218,2.6661,3.5173
655,65.5000,4.8821,3.0525,4.7476,0.9657,5.0198,5.0198,6.5257,6.5972,2.9210,2.7842,2.6724,3.4290
656,65.6000,4.9994,2.9841,5.2441,1.0119,4.4544,4.4544,6.3770,6.1872,2.6212,2.6510,2.5979,3.4826
657,65.7000,5.3215,3.1841,5.1742,0.9570,4.3180,4.3180,6.1328,6.0348,2.7213,2.6440,2.6291,3.4222
658,65.8000,4.8023,2.8827,4.8977,0.9515,4.5974,4.5974,5.9151,6.1078,2.7855,2.6980,2.7806,3.3235
659,65.9000,5.1085,3.1668,4.7843,1.0285,3.9933,3.9933,5.9734,5.6498,2.7397,2.6433,2.8133,3.4820
660,66.0000,5.0531,2.9958,5.0416,0.9727,3.8721,3.8721,5.8359,5.6429,2.6744,2.6073,2.6467,3.7380
661,66.1000,4.8976,2.7990,4.9529,0.9549,4.0618,4.0618,5.7226,5.6903,2.7128,2.7179,2.7155,3.2041
662,66.2000,4.8173,2.6281,5.2663,0.9711,4.2244,4.2244,6.2638,5.9563,2.5087,2.6608,2.9312,3.3343
663,66.3000,4.9086,2.9477,4.8656,0.9749,4.4970,4.4970,6.5379,6.2893,2.6979,2.5124,2.7743,3.1047
664,66.4000,4.7581,2.8127,4.7804,0.9940,4.6853,4.6853,6.3717,6.3719,2.4170,2.8029,2.7963,3.1116
665,66.5000,4.5322,2.6574,4.9896,0.9525,4.8737,4.8737,6.4303,6.3402,2.6046,2.6986,2.6798,2.9618
666,66.6000,4.9877,2.9705,5.2246,0.9858,4.7024,4.7024,6.5514,6.2998,2.5462,2.6603,2.6957,3.1818
667,66.7000,4.9102,3.0335,5.0369,0.9918,4.8326,4.8326,6.2453,6.2188,2.8224,2.7186,2.6637,3.1324
668,66.8000,4.9478,2.8246,4.9120,0.9399,4.5176,4.5176,6.3744,6.1014,2.7047,2.5290,2.5523,3.2359
669,66.9000,5.0699,3.0657,4.7962,1.0022,4.3064,4.3064,6.3648,5.9879,2.6575,2.8185,2.6794,3.2934
670,67.0000,4.8743,2.7485,4.9433,0.9884,4.4991,4.4991,6.4527,6.0909,2.7168,2.4550,2.6400,3.2276
671,67.1000,4.8061,2.6975,5.2341,0.9679,4.5433,4.5433,6.1769,6.0060,2.6787,2.8102,2.6385,3.1608
672,67.2000,4.8599,2.7647,5.0805,0.9969,4.1319,4.1319,5.8631,5.6654,2.6563,2.9965,2.5816,3.6592
673,67.3000,5.0478,2.8311,5.0182,0.9674,4.5617,4.5617,6.1644,6.0378,2.7822,2.6561,2.6753,3.4731
674,67.4000,5.0845,2.9257,4.8268,0.9481,4.3078,4.3078,6.5110,6.1650,2.7167,2.5941,2.6987,3.1654
675,67.5000,4.7853,2.9614,4.7734,0.9773,4.9703,4.9703,6.3874,6.3426,2.6403,2.7770,2.5430,3.3342
676,67.6000,4.8199,2.8678,4.7600,0.9977,4.9418,4.9418,6.2502,6.2902,2.8148,2.7054,2.6145,3.2983
677,67.7000,4.8705,2.8110,5.1755,0.9416,4.2709,4.2709,6.0443,5.9518,2.5142,2.7651,2.8373,3.2109
678,67.8000,4.7711,2.8788,5.0439,0.9721,4.6449,4.6449,6.3422,6.2635,2.7171,2.5994,2.6374,3.3104
679,67.9000,4.4865,2.6885,4.6955,0.9923,4.8230,4.8230,6.2712,6.1718,2.5440,2.7774,2.7866,3.4059
680,68.0000,5.2426,3.2765,5.1903,0.9575,4.5233,4.5233,6.7893,6.3037,2.8396,2.5860,2.5222,3.2763
681,68.1000,5.1183,2.8667,5.1356,0.9688,5.0375,5.0375,7.0208,6.5308,2.9227,2.7206,2.7289,3.0082
682,68.2000,4.9809,2.9095,4.7785,0.9590,4.8833,4.8833,6.5796,6.2742,2.6650,2.9237,2.5431,3.0285
683,68.3000,5.3920,3.2189,5.0699,0.9959,4.2801,4.2801,6.5658,6.1146,2.7017,2.6021,2.5933,3.2471
684,68.4000,5.0506,2.9747,4.8398,0.9383,4.7294,4.7294,6.4202,6.2395,2.8838,2.7024,2.7894,3.2526
685,68.5000,5.0687,3.0815,4.5555,1.0116,4.3865,4.3865,6.3399,6.0718,2.6421,2.6652,2.6309,3.1437
686,68.6000,5.2076,3.1152,4.8963,0.9956,4.6556,4.6556,6.4646,6.2659,2.7897,2.6914,2.6569,3.1528
687,68.7000,5.2214,2.9796,5.2050,0.9361,4.6202,4.6202,6.5309,6.3005,2.9453,2.6084,2.6686,3.5484
688,68.8000,5.0777,2.9403,4.9924,1.0028,4.5436,4.5436,6.5247,6.2892,2.6881,2.7169,2.6462,3.4514
689,68.9000,5.0108,3.0699,4.8353,0.9583,4.9176,4.9176,6.4035,6.2152,2.8061,2.8952,2.7067,3.3494
690,69.0000,4.9856,2.8018,4.8396,0.9816,4.6505,4.6505,6.5457,6.1314,2.5082,2.5884,2.6499,3.1045
691,69.1000,5.0491,3.0552,4.8866,0.9627,4.4858,4.4858,6.5921,6.2760,2.6591,2.8637,2.6238,3.1682
692,69.2000,4.9221,3.0223,5.2543,0.9909,5.0702,5.0702,6.5084,6.4533,2.8034,2.7987,2.5784,3.5380
693,69.3000,4.8169,3.1067,5.1716,0.9933,4.9449,4.9449,6.2321,6.4135,2.9022,2.5868,2.4950,3.3950
694,69.4000,4.7065,2.6923,4.7960,0.9649,4.3671,4.3671,6.0954,5.9034,2.6452,2.7057,2.5584,3.2721
695,69.5000,5.2291,3.1082,4.8761,0.9797,4.5371,4.5371,6.4147,6.0315,2.7375,2.7121,2.5745,3.1662
696,69.6000,5.0613,2.9661,5.5297,0.9494,4.3768,4.3768,6.2895,6.0372,2.7179,2.7722,2.5507,3.0523
697,69.7000,5.0999,3.0187,4.7736,0.9994,4.8058,4.8058,6.5262,6.2880,3.0047,2.5954,2.7199,3.1643
698,69.8000,5.2608,3.2031,5.1594,0.9798,4.9741,4.9741,6.2733,6.3578,2.7902,2.6434,2.6977,3.2059
699,69.9000,4.8608,2.7889,5.1636,0.9569,4.5794,4.5794,6.5750,6.3208,2.6842,2.6259,2.6385,3.2795
700,70.0000,5.2102,3.1912,5.0364,0.9982,4.8690,4.8690,6.6202,6.5475,2.8589,2.5750,2.5737,3.2287
701,70.1000,5.3837,3.3349,4.8441,0.9639,4.5734,4.5734,6.2694,6.2324,2.8973,2.6728,2.6555,3.6215
702,70.2000,4.9594,2.7693,4.8414,0.9722,3.8564,3.8564,6.2510,5.8484,2.5944,2.5302,2.6918,3.5250
703,70.3000,4.9961,2.9429,4.9003,0.9753,4.0519,4.0519,6.0283,5.8610,2.6126,2.7969,2.6722,3.3724
704,70.4000,5.0321,2.9825,4.4384,0.9824,4.7114,4.7114,6.3407,6.1687,2.6352,2.5492,2.5837,3.3950
705,70.5000,4.8853,2.9416,5.0745,0.9819,4.5818,4.5818,6.1301,6.1961,2.6896,2.7404,2.6799,3.4197
706,70.6000,5.1286,3.2804,5.1685,0.9981,4.7011,4.7011,6.0471,6.2164,2.9067,2.6035,2.5457,3.0018
707,70.7000,5.1757,3.1784,4.9607,0.9610,4.8464,4.8464,6.3506,6.3676,2.7126,2.6781,2.8025,3.1668
708,70.8000,5.3078,3.1174,5.1764,0.9727,4.1509,4.1509,6.2623,5.9325,2.8688,2.6367,2.6785,3.0000
709,70.9000,5.2146,3.1836,4.9442,0.9589,4.3481,4.3481,6.3301,6.0523,2.8078,3.2717,2.6365,3.3076
710,71.0000,5.1391,2.9600,5.1321,0.9640,4.6111,4.6111,6.6008,6.2711,2.5801,3.1133,2.5672,3.3436
711,71.1000,4.7870,2.7251,4.5343,1.0305,4.2392,4.2392,6.4376,5.9945,2.6275,2.5374,2.7912,2.9846
712,71.2000,5.0132,2.9543,5.5149,0.9572,4.5208,4.5208,6.5650,6.1320,2.7032,2.7614,2.6843,3.2003
713,71.3000,4.9305,2.9175,4.8393,0.9693,4.6136,4.6136,6.4794,6.1090,2.7875,2.7101,2.6213,3.3611
714,71.4000,5.4346,3.2616,5.2385,0.9852,4.2355,4.2355,6.7759,6.2112,2.8465,2.5226,2.7222,3.3869
715,71.5000,5.1010,2.9935,4.4464,0.9608,4.2715,4.2715,6.7540,6.1945,2.6566,2.7787,2.7079,3.2911
716,71.6000,5.1950,3.1047,5.0975,0.9893,4.3325,4.3325,6.4515,6.1399,2.7708,2.6260,2.6070,3.3180
717,71.7000,5.2601,3.1441,5.1681,0.9801,4.3624,4.3624,6.3987,5.9938,2.8083,2.7229,2.6810,3.5302
718,71.8000,5.3980,3.2836,5.0132,0.9749,4.1469,4.1469,6.3631,5.9340,2.9229,2.6292,2.6626,3.1769
719,71.9000,4.9193,2.9837,5.1493,0.9793,4.6291,4.6291,6.3171,6.1855,2.6456,2.8130,2.6250,3.3736
720,72.0000,4.9024,3.0205,4.7986,0.9342,4.7598,4.7598,6.2588,6.1750,2.7240,2.7981,2.6646,3.3887
721,72.1000,4.8637,2.9943,4.5415,1.0011,4.5311,4.5311,6.1559,6.0906,2.6496,2.6195,2.7557,3.3574
722,72.2000,5.1653,3.2676,5.2756,0.9647,4.3706,4.3706,6.4405,6.1340,2.9081,2.7150,2.7037,3.4602
723,72.3000,5.1059,3.2146,4.9448,0.9828,4.9243,4.9243,6.7944,6.4161,2.8764,2.7503,2.5501,3.4512
724,72.4000,4.9692,3.1131,4.6393,0.9845,4.4250,4.4250,6.1934,6.0374,2.7248,2.7245,2.8817,3.3138
725,72.5000,5.0730,2.9919,5.0016,0.9622,4.5565,4.5565,6.5656,6.2250,2.9986,2.6558,2.6713,3.0217
726,72.6000,5.1244,2.9513,5.1339,0.9676,4.3698,4.3698,6.5473,6.1731,2.7109,2.5536,2.6754,3.3447
727,72.7000,5.6517,3.6490,5.0293,0.9879,4.6555,4.6555,6.4025,6.3375,2.9516,2.8671,2.7090,3.4840
728,72.8000,5.1979,3.0998,5.0484,0.9683,4.6960,4.6960,6.2829,6.3356,2.7739,2.8252,2.6494,3.5641
729,72.9000,4.9616,3.1579,4.5129,0.9609,4.8150,4.8150,6.5288,6.5901,2.8816,2.6085,2.5537,3.6846
730,73.0000,4.8019,2.8744,4.8426,0.9926,4.7432,4.7432,6.4759,6.2505,2.6893,2.5830,2.5945,3.6634
731,73.1000,5.2377,3.1332,5.3117,1.0102,4.6796,4.6796,6.7047,6.3082,2.7486,2.7481,2.5899,3.3797
732,73.2000,5.1255,3.0839,4.3937,0.9410,5.3104,5.3104,6.9074,6.7207,2.9188,2.7385,2.6979,3.1660
733,73.3000,5.4189,3.3640,5.0242,0.9847,4.9201,4.9201,7.1718,6.5935,2.7726,2.6146,2.6076,3.2209
734,73.4000,4.8152,2.7696,5.4148,0.9568,4.6362,4.6362,6.6394,6.4311,2.6549,2.6806,2.6347,3.2220
735,73.5000,4.9081,2.8692,4.7459,1.0194,4.2582,4.2582,6.2430,6.0239,2.6938,2.7227,2.6452,3.1708
736,73.6000,5.1967,3.0352,5.1377,0.9891,4.1801,4.1801,6.3002,5.8880,2.7138,2.6906,2.6623,3.4010
737,73.7000,5.3984,3.2366,4.6388,0.9306,4.8607,4.8607,6.6747,6.4620,2.8292,2.5380,2.7723,3.3084
738,73.8000,5.3501,3.1881,4.6770,0.9830,4.8830,4.8830,6.8492,6.6401,2.9900,2.5827,2.7543,3.2599
739,73.9000,5.0671,2.9358,5.5342,0.9585,4.8807,4.8807,6.7221,6.3837,2.6711,2.7011,2.6703,3.3779
740,74.0000,4.9678,2.8409,5.3440,1.0380,4.3149,4.3149,6.4117,6.0317,2.6564,2.6751,2.6527,3.2636
741,74.1000,4.8593,2.8190,4.8929,0.9705,4.4774,4.4774,6.5183,6.2234,2.6984,2.6417,2.5774,3.2665
742,74.2000,5.2991,3.4201,4.7875,0.9398,4.8273,4.8273,6.6595,6.4830,2.8716,2.6964,2.5256,3.2123
743,74.3000,4.7864,2.7276,4.7457,0.9616,4.7880,4.7880,6.5096,6.3948,2.7057,2.6081,2.5659,3.2644
744,74.4000,5.2098,3.0300,5.2651,0.9945,4.5767,4.5767,6.4912,6.2058,2.8306,2.8385,2.6693,3.4672
745,74.5000,4.9605,2.9633,5.3024,0.9441,4.7484,4.7484,6.4236,6.2797,2.7336,2.8117,2.6929,3.3479
746,74.6000,5.0737,3.1639,4.6700,0.9966,4.8997,4.8997,6.3163,6.1410,2.7390,2.5618,2.7008,3.1001
747,74.7000,4.6486,2.8168,4.9876,1.0168,4.7481,4.7481,6.0160,5.9713,2.5570,2.7858,2.6644,3.1910
748,74.8000,5.1150,2.9804,5.5373,0.9550,4.2041,4.2041,6.2376,6.0197,2.5562,2.6575,2.5665,3.1292
749,74.9000,5.0852,3.0969,4.8804,0.9649,4.6551,4.6551,6.6515,6.3058,2.7783,3.0667,2.6642,3.0377
750,75.0000,5.1723,3.1354,4.9048,0.9985,4.7944,4.7944,6.2501,6.1185,2.7613,2.6275,2.7587,3.1100
751,75.1000,5.0512,3.0399,4.8340,1.0061,4.1957,4.1957,6.4535,6.0494,2.7152,2.8166,2.6233,3.1141
752,75.2000,5.1916,3.0759,5.1413,0.9430,4.2587,4.2587,5.9922,5.8676,2.7239,2.8124,2.6483,3.7302
753,75.3000,4.9458,2.9034,4.5245,0.9495,4.3567,4.3567,6.4640,6.0720,2.7838,2.8642,2.7173,3.4948
754,75.4000,5.2155,3.0828,5.3502,1.0090,4.7295,4.7295,6.6922,6.3216,2.8070,2.6928,2.7590,3.4045
755,75.5000,5.0182,2.9716,4.6789,0.9405,4.9576,4.9576,6.5811,6.4386,2.6248,2.6918,2.6412,3.4785
756,75.6000,5.1255,3.1486,4.7861,0.9876,4.6531,4.6531,6.6188,6.2708,2.8384,2.8709,2.8564,3.1302
757,75.7000,4.8696,2.7446,4.9909,1.0151,4.5846,4.5846,6.7324,6.3140,2.6446,2.6837,2.6116,3.3892
758,75.8000,5.2470,3.2264,4.3525,0.9278,4.9610,4.9610,6.6154,6.3508,2.8831,2.6913,2.6487,3.3575
759,75.9000,5.1288,3.1421,4.7583,1.0210,4.7944,4.7944,6.7854,6.4044,2.7503,2.5265,2.7080,3.5123
760,76.0000,5.0662,3.1111,4.6381,0.9400,4.6651,4.6651,6.6545,6.3296,2.8042,2.7426,2.9222,3.2426
761,76.1000,5.0130,2.9655,4.9780,0.9607,4.5284,4.5284,6.1779,6.0386,2.6844,2.5937,2.6070,3.1726
762,76.2000,4.9914,2.8503,4.7618,0.9744,4.2163,4.2163,6.5809,6.1732,2.5347,2.5772,2.8298,3.1925
763,76.3000,5.2163,3.0304,5.4872,1.0082,4.9262,4.9262,6.9313,6.5047,2.6852,2.6459,2.6494,3.4154
764,76.4000,5.4349,3.2792,4.7847,0.9538,4.8727,4.8727,6.9536,6.4235,2.9469,2.6518,2.5723,3.0797
765,76.5000,4.8313,2.7557,5.1096,0.9542,4.3192,4.3192,6.7055,6.1293,2.5104,2.8226,2.6956,3.1659
766,76.6000,4.9096,2.8077,5.1876,1.0144,4.0881,4.0881,6.1110,5.7231,2.6188,2.6670,2.6561,3.2536
767,76.7000,5.1150,3.0496,4.4851,1.0261,4.2439,4.2439,5.9729,5.6541,2.6239,2.6748,2.5506,3.2233
768,76.8000,4.8783,2.7150,5.0029,0.9668,4.3222,4.3222,6.2948,5.8110,2.7902,2.6669,2.7161,3.3099
769,76.9000,5.2332,3.1564,5.0570,0.9596,4.3506,4.3506,6.6689,6.1302,2.7933,2.6070,2.6277,3.4466
770,77.0000,5.0181,2.9237,5.0036,0.9921,4.3940,4.3940,6.7632,6.1841,2.6287,2.6634,2.7298,3.2791
771,77.1000,5.2365,3.0506,5.2779,0.9597,4.2863,4.2863,6.5289,6.0203,2.7432,2.7710,2.6489,3.0112
772,77.2000,5.2276,3.0470,5.3273,0.9337,4.5910,4.5910,6.5979,6.2900,2.6480,2.6761,2.5658,3.2559
773,77.3000,5.1872,2.9543,5.3044,0.9539,4.5046,4.5046,6.9002,6.3803,2.5907,2.6870,2.5986,3.0978
774,77.4000,4.9465,2.8030,4.9700,0.9452,4.0713,4.0713,6.9879,6.1408,2.6638,2.6599,2.6843,3.1559
775,77.5000,4.9894,2.8947,5.1551,0.9795,4.7158,4.7158,6.9509,6.4998,2.7733,2.5193,2.5718,3.5762
776,77.6000,5.2000,3.1768,4.5859,0.9919,4.5112,4.5112,6.8832,6.3403,2.8215,2.6069,2.5958,3.1793
777,77.7000,5.1750,2.9332,5.2612,0.9386,4.4040,4.4040,6.7274,6.1566,2.7221,2.6903,2.7537,3.3202
778,77.8000,5.4630,3.2479,5.0713,0.9982,4.4646,4.4646,6.5941,6.1062,2.8401,2.5738,2.6766,3.2892
779,77.9000,4.9334,2.8203,4.9074,0.9920,3.9908,3.9908,6.5575,5.8925,2.5801,2.7699,2.6125,3.3141
780,78.0000,5.2892,3.1319,5.6297,0.9564,3.9627,3.9627,6.5089,5.9036,2.6976,2.8338,2.5855,3.3220
781,78.1000,5.1054,2.9917,5.1367,0.9642,3.5534,3.5534,6.5759,5.7090,2.6818,2.5207,2.6385,2.9095
782,78.2000,5.0580,2.8791,5.0330,0.9927,4.0957,4.0957,6.5547,6.0592,2.6636,2.7586,2.6053,3.3628
783,78.3000,5.2217,3.1033,4.8193,0.9686,4.6676,4.6676,6.4002,6.2839,2.8165,2.6425,2.6102,3.5009
784,78.4000,5.1270,3.0820,4.6145,0.9711,4.4730,4.4730,6.8321,6.4195,2.7126,2.6848,2.6602,3.4671
785,78.5000,5.1112,3.0489,4.7621,0.9973,4.7856,4.7856,6.8518,6.4496,2.6303,2.7217,2.6616,3.1225
786,78.6000,5.2558,3.1663,5.0666,0.9654,4.8436,4.8436,6.7428,6.4555,2.9494,2.5033,2.6106,3.1624
787,78.7000,4.9952,3.0409,4.5516,0.9622,4.2988,4.2988,6.5127,6.1155,2.7729,2.7818,2.7011,3.2742
788,78.8000,5.2471,3.2057,4.9459,1.0170,4.5024,4.5024,6.4802,6.2215,2.6665,2.7824,2.5698,3.3644
789,78.9000,4.7723,2.6005,5.3740,1.0042,4.6435,4.6435,6.3307,6.2645,2.5796,2.6991,2.6327,3.4948
790,79.0000,5.3033,3.1539,5.0983,0.9184,4.0886,4.0886,6.3889,5.9287,2.6964,2.6023,2.6597,3.2810
791,79.1000,5.1037,2.9926,5.0408,0.9700,4.3269,4.3269,6.4372,6.0576,2.7148,2.8103,2.7069,3.2152
792,79.2000,5.1541,3.0271,5.0311,1.0404,4.3126,4.3126,6.1633,6.1204,2.6313,2.5972,2.6418,3.1872
793,79.3000,5.4502,3.2221,4.9548,1.0421,4.2782,4.2782,6.4703,6.2621,2.7718,2.7439,2.5315,3.2084
794,79.4000,4.9621,2.6868,5.7609,1.0140,4.7924,4.7924,6.4597,6.3666,2.6150,2.7247,2.5503,3.0242
795,79.5000,4.8581,2.6947,5.4655,0.9381,4.5506,4.5506,6.6149,6.4842,2.5777,2.6707,2.5682,3.0685
796,79.6000,5.0462,2.8634,4.9590,0.9171,4.7364,4.7364,6.6498,6.4422,2.7103,2.6915,2.6827,3.6701
797,79.7000,5.0733,2.9648,4.9802,0.9867,4.8227,4.8227,6.4137,6.4977,2.8865,2.6204,2.7890,3.5228
798,79.8000,5.3194,3.2642,4.9324,1.0355,4.8918,4.8918,6.8783,6.7118,2.9118,2.5986,2.6252,3.3513
799,79.9000,5.1938,3.0102,5.2142,0.9492,4.6532,4.6532,6.9919,6.5660,2.6212,2.8568,2.5383,2.9885
800,80.0000,4.9292,2.7883,4.7157,0.9444,4.9869,4.9869,7.0303,6.5990,2.6602,2.7084,2.6108,3.2382
801,80.1000,5.0088,2.9746,4.6402,1.0192,4.7451,4.7451,6.8390,6.3726,2.7062,2.6676,2.6670,3.0987
802,80.2000,4.9758,2.8905,5.0590,0.9804,4.4104,4.4104,6.4437,6.2082,2.6945,2.6368,2.6073,3.3138
803,80.3000,4.9826,2.7081,5.1281,0.9380,4.2347,4.2347,6.3623,6.1373,2.5278,2.6427,2.6364,3.2065
804,80.4000,5.2296,3.0445,4.9165,0.9612,4.8203,4.8203,6.5232,6.4094,2.8081,2.7543,2.6301,3.4772
805,80.5000,5.3475,3.1570,5.0678,0.9963,4.8933,4.8933,6.9719,6.6083,2.8477,2.6213,2.7561,3.2116
806,80.6000,5.1592,3.0179,5.0585,1.0111,4.3288,4.3288,7.1613,6.3971,2.7158,2.7147,2.7168,3.0424
807,80.7000,5.0838,3.0066,4.7905,0.9663,4.8672,4.8672,7.0673,6.5883,2.8533,2.6020,2.5935,3.2030
808,80.8000,5.1319,3.0711,4.8584,0.9501,4.4692,4.4692,6.7629,6.3390,2.7773,2.7836,2.5585,3.2104
809,80.9000,4.8392,2.7039,4.9898,0.9553,4.5135,4.5135,6.6000,6.2742,2.5800,2.4988,2.5937,3.1917
810,81.0000,5.0369,2.9481,4.8517,1.0209,4.8500,4.8500,6.7183,6.4775,2.6132,2.5852,2.7675,3.0620
811,81.1000,5.1381,3.0308,4.6557,0.9726,4.2699,4.2699,7.1520,6.4267,2.8130,2.6824,2.6191,3.0102
812,81.2000,5.2432,3.0648,5.2088,0.9724,4.2855,4.2855,7.1106,6.3309,2.7165,2.6675,2.6954,3.3038
813,81.3000,4.8887,2.7498,5.4062,0.9260,4.6330,4.6330,6.9073,6.2931,2.6286,2.7580,2.7082,3.1511
814,81.4000,4.8703,2.8201,5.6202,1.0033,4.4938,4.4938,6.7134,6.2556,2.6569,2.6026,2.7086,3.3115
815,81.5000,4.6994,2.7400,4.9644,0.9949,4.7643,4.7643,6.8539,6.5515,2.6543,2.9013,2.8331,3.3174
816,81.6000,4.8102,3.0835,4.3708,0.9547,5.1110,5.1110,6.5192,6.5529,2.8309,2.4931,2.7114,3.1849
817,81.7000,5.0073,2.9426,4.9982,0.9535,4.5614,4.5614,6.9096,6.5530,2.7695,2.6899,2.5927,3.1728
818,81.8000,5.2966,3.1153,5.1265,0.9853,4.3301,4.3301,6.6791,6.1847,2.7331,2.5778,2.6709,3.2605
819,81.9000,5.0723,2.9077,4.9526,0.9653,4.8189,4.8189,6.9160,6.5445,2.8103,2.9228,2.6577,3.1542
820,82.0000,5.1737,2.9798,4.7680,0.9364,4.4392,4.4392,6.7089,6.1988,2.6826,2.6792,2.7716,3.1938
821,82.1000,5.2380,2.9774,5.1689,0.9670,4.3108,4.3108,6.6752,6.0720,2.6145,2.6296,2.6788,3.1357
822,82.2000,5.1595,3.0375,4.8849,0.9648,4.4679,4.4679,6.8740,6.2190,2.6970,2.7025,2.6675,2.7550
823,82.3000,5.1641,2.9801,5.1061,1.0087,4.4112,4.4112,6.5452,6.3040,2.6457,2.6666,2.6466,3.1996
824,82.4000,5.1362,3.0004,5.2351,0.9758,4.3659,4.3659,6.4991,6.1313,2.6898,2.5968,2.6493,3.3179
825,82.5000,5.3350,3.1258,5.1315,0.9081,4.5246,4.5246,6.8333,6.1721,2.7988,2.6241,2.6582,3.3221
826,82.6000,5.3704,3.1622,4.9206,1.0187,4.4255,4.4255,6.9441,6.1884,2.8224,2.7183,2.7733,3.2866
827,82.7000,5.3959,3.2136,4.8965,1.0289,4.6357,4.6357,6.7780,6.3307,2.9385,2.5640,2.8476,3.2372
828,82.8000,4.9124,2.7832,4.7089,0.9316,4.6419,4.6419,6.8273,6.4454,2.6343,2.7234,2.7072,3.1598
829,82.9000,4.9653,2.9491,4.8674,0.9630,4.5084,4.5084,6.6589,6.2236,2.8155,2.6651,2.5689,3.5073
830,83.0000,5.0919,2.9086,4.6435,1.0097,4.2170,4.2170,6.5588,6.0523,2.6701,2.5622,2.7473,3.4269
831,83.1000,4.9542,2.8047,4.9810,1.0041,4.6952,4.6952,6.7341,6.2898,2.6696,2.6630,2.6288,3.4367
832,83.2000,5.4985,3.3360,4.6527,0.9558,4.4498,4.4498,6.6506,6.1956,2.7922,2.7012,2.5079,3.1845
833,83.3000,5.0167,2.8189,5.3107,0.9641,4.3059,4.3059,6.5005,6.1159,2.5512,2.6378,2.7021,3.2527
834,83.4000,5.0970,3.0205,5.0310,0.9671,4.7360,4.7360,6.4785,6.2687,2.7616,2.9057,2.6189,3.0734
835,83.5000,4.9866,2.9001,4.8675,1.0030,4.0016,4.0016,6.2477,5.9010,2.5409,2.5926,2.6186,3.0753
836,83.6000,5.1506,2.9803,5.2575,0.9483,4.3903,4.3903,6.8457,6.1850,2.6665,2.6686,2.6514,3.1060
837,83.7000,5.2011,2.9754,5.1010,0.9696,4.9027,4.9027,7.4476,6.6218,2.8526,2.6314,2.7460,3.2959
838,83.8000,5.2221,3.0620,5.0847,1.0061,4.6849,4.6849,6.9211,6.4774,2.9361,2.5841,2.6224,3.6330
839,83.9000,4.9821,2.8109,4.8059,0.9854,4.3206,4.3206,6.4131,6.2006,2.6355,2.7039,2.5687,3.5704
840,84.0000,5.3436,3.1068,4.8250,0.9475,4.3867,4.3867,6.5919,6.2338,2.7395,2.6800,2.9275,3.2773
841,84.1000,5.1793,3.0416,5.0182,0.9609,4.5807,4.5807,6.9279,6.4775,2.8006,2.6822,2.6567,3.3218
842,84.2000,5.2016,3.0212,5.1602,0.9996,4.2847,4.2847,6.8051,6.2992,2.8432,2.7264,2.5712,3.3204
843,84.3000,5.4197,3.2008,4.7590,0.9824,4.2337,4.2337,6.8703,6.2789,2.7802,2.5388,2.6251,3.3762
844,84.4000,5.0605,2.8831,4.6738,0.9607,4.3098,4.3098,6.7557,6.2964,2.6003,2.8075,2.6658,3.1218
845,84.5000,4.8819,2.6502,5.0393,0.9490,4.3672,4.3672,6.5929,6.2866,2.5530,2.7643,2.8208,3.0598
846,84.6000,5.1454,2.8824,5.1427,0.9605,4.4156,4.4156,6.5154,6.2503,2.4874,2.6692,2.8126,3.1287
847,84.7000,4.9418,2.7917,4.9734,0.9577,4.0322,4.0322,6.4627,5.9377,2.5214,2.7122,2.7603,3.2079
848,84.8000,5.0146,2.8644,5.1023,0.9399,4.4732,4.4732,6.2926,5.9958,2.5815,2.6441,2.6370,3.2354
849,84.9000,5.1069,3.0588,4.9185,1.0349,4.5421,4.5421,6.2149,6.0927,2.8014,2.6638,2.8389,3.3581
850,85.0000,5.2460,3.1059,4.7472,1.0411,4.7262,4.7262,6.5164,6.2807,2.9316,2.7002,2.6515,3.1589
851,85.1000,5.0067,2.8675,5.2638,0.9472,4.5447,4.5447,6.4824,6.1877,2.6095,2.7357,2.6183,2.9425
852,85.2000,5.0912,3.1392,4.7341,0.9373,4.2561,4.2561,6.0962,6.0648,2.7345,2.6631,2.6293,3.0289
853,85.3000,5.3544,3.2123,4.9238,1.0040,4.6456,4.6456,5.9214,6.1894,2.8111,2.7842,2.8248,3.3348
854,85.4000,5.1910,3.1377,4.8476,0.9809,4.8405,4.8405,6.4872,6.5676,2.9057,2.6955,2.8102,3.4809
855,85.5000,5.2194,3.0320,4.9992,0.9412,4.6663,4.6663,7.2208,6.6916,2.8295,2.4004,2.6386,3.1487
856,85.6000,5.2516,3.1749,4.7342,1.0132,4.6653,4.6653,7.0815,6.5851,2.7158,2.6773,2.8200,3.3183
857,85.7000,4.8323,2.7913,4.3196,0.9709,4.7580,4.7580,6.6976,6.4630,2.7298,2.7107,2.7954,3.0532
858,85.8000,5.2896,3.1293,5.0525,1.0321,5.0341,5.0341,6.7493,6.6159,2.7162,2.6974,2.6362,3.2692
859,85.9000,4.8668,2.7866,4.9481,0.9568,4.6871,4.6871,7.1201,6.6636,2.5932,2.9151,2.5770,3.2144
860,86.0000,5.0463,2.9018,4.5944,0.9400,4.8781,4.8781,6.7041,6.3843,2.7050,2.6590,2.5029,2.9357
861,86.1000,4.9995,2.9288,4.9746,0.9820,4.9685,4.9685,6.8817,6.6585,2.6152,2.8224,2.5778,3.3145
862,86.2000,5.2251,2.9595,5.3608,1.0071,4.4800,4.4800,6.8924,6.5846,2.8086,2.6827,2.7557,3.2362
863,86.3000,5.2695,3.0922,5.1450,0.9680,4.5678,4.5678,6.8772,6.4682,2.8031,2.5685,2.8075,3.2831
864,86.4000,5.4675,3.3755,4.7007,0.9684,4.7417,4.7417,6.6949,6.5102,2.7510,2.5152,2.7044,3.0010
865,86.5000,4.9902,2.7526,5.1129,0.9722,4.4946,4.4946,6.7906,6.4238,2.6239,2.7408,2.6687,3.0670
866,86.6000,5.3508,3.1669,5.1913,1.0123,4.4796,4.4796,6.7984,6.3231,2.7839,2.6150,2.5581,2.9978
867,86.7000,5.1201,3.0898,4.9842,0.9804,4.5948,4.5948,6.7118,6.4334,2.7886,2.7925,2.5538,3.1716
868,86.8000,5.3452,3.1168,4.6826,0.9661,4.2059,4.2059,7.0617,6.3930,2.7892,2.6145,2.5922,3.0790
869,86.9000,5.3328,3.1114,5.1425,0.9597,4.2434,4.2434,7.2127,6.3566,2.8231,2.6153,2.6223,3.1731
870,87.0000,5.1718,3.1493,5.0335,0.9851,4.7120,4.7120,7.3615,6.5171,2.7693,2.7993,2.5207,2.9915
871,87.1000,5.2067,2.9582,5.1166,1.0050,4.6157,4.6157,7.1281,6.5245,2.6327,2.6511,2.6591,2.9520
872,87.2000,4.9821,2.8953,5.2631,0.9806,4.7229,4.7229,6.5403,6.4402,2.5433,2.5538,2.5658,3.2331
873,87.3000,4.8547,2.8645,4.6174,0.9333,4.7937,4.7937,6.5434,6.4374,2.6329,2.8044,2.6695,3.1755
874,87.4000,5.1899,3.0004,5.0396,0.9728,4.8156,4.8156,7.0374,6.7001,2.7497,2.6489,2.6718,3.3359
875,87.5000,5.2102,2.9969,4.8681,1.0063,5.1274,5.1274,7.0546,6.7123,2.8607,2.6829,2.6143,3.2304
876,87.6000,5.2628,3.1385,4.7320,0.9429,5.0330,5.0330,6.9466,6.7947,2.9209,2.6147,2.5557,3.5079
877,87.7000,5.2851,3.1960,5.4256,0.9665,4.7854,4.7854,6.7699,6.5688,2.7999,2.5558,2.6502,3.4869
878,87.8000,4.9793,3.1104,4.6093,0.9845,5.0263,5.0263,6.5242,6.5110,2.7442,2.7337,2.7395,2.9483
879,87.9000,4.7607,2.8860,4.5788,0.9873,4.5115,4.5115,6.5120,6.2951,2.7771,2.7283,2.6874,3.1167
880,88.0000,5.3120,3.1704,4.9178,0.9385,4.9930,4.9930,6.7976,6.5900,2.8997,2.6235,2.6594,3.2522
881,88.1000,5.4149,3.2151,5.3200,1.0169,4.6346,4.6346,6.7334,6.2786,2.9274,2.8520,2.6889,3.3639
882,88.2000,5.0210,2.8270,4.9030,0.9596,4.6026,4.6026,6.8057,6.4962,2.6812,2.6617,2.6005,3.1731
883,88.3000,5.0231,2.8886,5.1250,0.9699,4.7934,4.7934,6.6491,6.6342,2.7424,2.6126,2.5754,3.1246
884,88.4000,4.7386,2.7591,4.8860,0.9996,4.4839,4.4839,5.8987,6.1066,2.6596,2.6537,2.6090,3.2691
885,88.5000,4.9941,2.9224,4.6503,0.9757,4.5502,4.5502,6.0563,6.2202,2.6281,2.9312,2.5733,3.2988
886,88.6000,5.2663,3.1291,4.8182,0.9877,4.7948,4.7948,6.5977,6.4506,2.7083,2.6169,2.5455,3.1359
887,88.7000,5.0374,2.8213,5.2884,0.9591,4.3307,4.3307,7.1604,6.4298,2.6616,2.7391,2.5905,3.0799
888,88.8000,4.9635,2.7880,4.9283,0.9451,4.7901,4.7901,6.8659,6.4357,2.6072,2.5761,2.5610,3.0849
889,88.9000,4.9908,3.0697,4.7974,1.0154,4.9876,4.9876,6.7081,6.4834,2.5970,2.7562,2.6331,3.1840
890,89.0000,5.1889,3.0302,4.7098,0.9507,4.6988,4.6988,6.8183,6.6531,2.7494,2.6481,2.6890,3.0787
891,89.1000,5.0111,2.8879,5.2626,0.9588,4.7405,4.7405,6.4066,6.2312,2.6440,2.7093,2.6348,3.0382
892,89.2000,5.3956,3.1886,4.8611,0.9883,4.7904,4.7904,6.5510,6.3723,2.8336,2.7786,2.5876,3.1888
893,89.3000,5.3624,3.2159,4.8084,0.9850,4.7700,4.7700,6.2831,6.3885,2.9286,2.5991,2.5830,3.8020
894,89.4000,4.8312,2.8969,5.0854,0.9628,4.5310,4.5310,6.1872,6.2937,2.6755,2.8278,2.6605,3.5623
895,89.5000,5.0630,3.0842,4.9004,0.9846,4.7159,4.7159,6.1081,6.2415,2.7851,2.6061,2.6002,3.3612
896,89.6000,4.8882,2.8667,4.9005,0.9842,4.6172,4.6172,6.4542,6.4171,2.7045,2.6044,2.6524,2.9128
897,89.7000,5.1888,3.2174,4.5915,0.9790,4.8901,4.8901,6.5692,6.5248,2.7251,2.7127,2.8588,3.1199
898,89.8000,5.0494,2.9222,5.0383,0.9717,4.7596,4.7596,6.6928,6.4133,2.8996,2.6551,2.6890,3.0640
899,89.9000,5.1391,2.8955,5.0222,0.9945,4.3595,4.3595,6.4601,6.0661,2.5425,2.6150,2.6944,3.3505
900,90.0000,4.6325,2.6090,5.1076,0.9714,4.2126,4.2126,6.1698,5.8878,2.5261,2.9728,2.4826,3.3357
901,90.1000,5.1303,3.0391,5.1630,0.9869,4.0702,4.0702,6.2702,5.8402,2.8495,2.7144,2.6069,3.3000
902,90.2000,5.2109,3.0147,4.9327,0.9593,4.5073,4.5073,6.5528,6.2080,2.7748,2.6573,2.6004,3.2416
903,90.3000,5.0608,2.9197,4.8413,0.9567,4.4060,4.4060,6.5824,6.1526,2.7298,2.5694,2.7155,3.1066
904,90.4000,5.1061,3.0273,5.3339,0.9444,4.5332,4.5332,6.4035,6.3103,2.7402,3.1012,2.6240,3.2799
905,90.5000,5.0913,2.9451,5.2040,1.0038,4.3478,4.3478,6.3417,6.1575,2.6712,2.6336,2.6892,3.3098
906,90.6000,5.1030,2.9053,4.9073,1.0155,4.4587,4.4587,6.4778,6.1229,2.7107,2.6889,2.6130,3.6959
907,90.7000,5.1348,2.9775,5.0432,0.9548,4.4473,4.4473,6.9383,6.3736,2.7197,2.7867,2.6483,3.2886
908,90.8000,5.3904,3.1724,4.8513,0.9509,4.1993,4.1993,6.8240,6.2593,2.6870,2.5877,2.7036,3.1774
909,90.9000,5.2186,3.1528,4.9407,0.9729,4.7204,4.7204,6.5227,6.3202,2.6485,2.7391,2.5997,3.3391
910,91.0000,5.0373,2.9859,4.9770,0.9968,4.5896,4.5896,6.4702,6.3037,2.7551,2.8081,2.5967,3.0844
911,91.1000,5.3001,3.1464,4.8712,0.9607,4.1916,4.1916,6.7257,6.2914,2.7513,2.7379,2.6607,3.1854
912,91.2000,5.2235,3.0409,5.0295,0.9666,4.6738,4.6738,6.8023,6.5217,2.8581,2.6381,2.6842,3.2983
913,91.3000,5.1158,2.9317,5.4098,1.0040,4.7105,4.7105,6.7287,6.4401,2.6267,2.5969,2.5828,3.0487
914,91.4000,4.9649,2.9838,4.5987,0.9790,4.2368,4.2368,6.2892,6.0729,2.6719,2.7429,2.6788,3.2289
915,91.5000,5.2207,3.0477,4.8914,0.9630,4.5080,4.5080,6.5368,6.3885,2.6749,2.6626,2.6507,3.3767
916,91.6000,5.5014,3.3554,4.8860,0.9694,4.7187,4.7187,6.4810,6.3231,3.0850,2.6598,2.6836,3.4497
917,91.7000,5.1183,2.9223,4.8753,0.9918,4.0783,4.0783,6.5062,6.0786,2.7280,2.6819,2.6416,3.4623
918,91.8000,4.9582,2.7262,4.8724,1.0035,3.8708,3.8708,6.5702,5.9075,2.5716,2.6547,2.7327,3.2701
919,91.9000,5.2723,3.0606,5.0045,0.9693,4.0349,4.0349,6.7548,5.9877,2.6151,2.7667,2.6706,3.2246
920,92.0000,5.2083,2.9695,5.0986,0.9569,4.5160,4.5160,6.8380,6.3638,2.6790,2.7021,2.5543,3.4411
921,92.1000,5.2838,3.1471,4.9105,0.9720,4.6938,4.6938,6.7569,6.3704,2.8285,2.7751,2.7669,3.3547
922,92.2000,5.0696,2.9828,4.4532,0.9923,4.2102,4.2102,6.9591,6.2437,2.8465,2.6137,2.6821,3.0216
923,92.3000,5.1788,2.9557,5.1922,0.9688,4.5288,4.5288,6.6378,6.2458,2.8364,2.5931,2.7137,3.0301
924,92.4000,4.9447,2.8428,5.1844,0.9745,4.3921,4.3921,6.4873,6.1845,2.7147,2.6005,2.5044,3.2441
925,92.5000,4.8420,2.8059,5.1034,0.9715,4.0499,4.0499,6.1933,5.8933,2.5238,2.6840,2.5831,3.2360
926,92.6000,5.3507,3.1846,5.5820,0.9927,4.0249,4.0249,6.4160,5.9905,2.6895,2.6269,2.5663,3.3016
927,92.7000,4.8873,2.6683,4.7069,0.9262,4.0318,4.0318,6.4943,5.8889,2.7249,2.5483,2.5476,3.1439
928,92.8000,5.3512,3.1610,5.2772,0.9695,4.3976,4.3976,6.4703,6.0985,2.8116,2.7853,2.6342,3.2794
929,92.9000,4.8615,2.7139,5.0204,0.9878,4.0687,4.0687,6.4995,5.9160,2.7104,2.6743,2.6800,3.2176
930,93.0000,4.8539,2.7577,5.3051,1.0062,3.8875,3.8875,6.2575,5.7297,2.4719,2.8150,2.6713,3.0065
931,93.1000,4.5037,2.4813,5.0685,0.9570,4.6227,4.6227,6.3217,6.1495,2.5442,2.7667,2.6535,2.8597
932,93.2000,4.8691,2.6763,5.1163,0.9748,4.3892,4.3892,7.0402,6.3160,2.6903,2.6732,2.6245,3.2959
933,93.3000,5.4172,3.2339,4.5576,0.9707,4.6300,4.6300,7.1767,6.5937,2.8493,2.6001,2.5111,3.2274
934,93.4000,5.1267,3.0289,5.3796,0.9835,4.4193,4.4193,6.5915,6.3105,2.7394,2.6858,2.6909,3.2812
935,93.5000,4.6580,2.6097,4.8481,0.9478,4.4101,4.4101,6.3367,6.1252,2.4816,2.6464,2.7048,3.0636
936,93.6000,4.9381,2.8502,5.5749,0.9850,4.5211,4.5211,6.2621,6.1639,2.5735,2.7551,2.6215,2.9952
937,93.7000,5.1980,3.2114,5.0148,0.9999,4.8031,4.8031,6.6556,6.3400,2.8477,2.5756,2.6399,3.2093
938,93.8000,5.3264,3.1133,4.7048,0.9429,4.9164,4.9164,7.1755,6.7714,2.8266,2.7683,2.7474,3.3191
939,93.9000,5.0568,2.8693,4.9615,0.9663,4.4245,4.4245,7.1924,6.4709,2.6563,2.6840,2.6870,3.1730
940,94.0000,5.2551,3.0576,4.8870,1.0158,4.0224,4.0224,6.8597,6.2017,2.6110,2.7619,2.7281,3.0797
941,94.1000,5.3294,3.0219,5.7383,0.9557,4.4257,4.4257,6.5929,6.3806,2.7240,2.6106,2.5772,3.2344
942,94.2000,5.0559,2.8304,5.3482,0.9430,3.9693,3.9693,6.4280,6.0419,2.6716,2.6018,2.5892,2.9395
943,94.3000,4.7760,2.7537,4.9704,0.9785,4.1584,4.1584,6.0372,5.8715,2.5430,2.5435,2.7096,3.0667
944,94.4000,4.9414,2.8550,5.3698,1.0008,4.7201,4.7201,6.7980,6.4270,2.7100,2.5533,2.5139,3.0617
945,94.5000,5.2602,2.9406,5.4315,1.0144,4.4338,4.4338,6.8556,6.2757,2.7543,2.6791,2.6152,3.0421
946,94.6000,5.1489,3.1702,5.0866,0.9711,4.0462,4.0462,6.6092,6.0035,2.7383,2.7619,2.4820,3.2523
947,94.7000,4.8736,2.6930,4.8266,0.9320,3.8724,3.8724,6.3217,5.6845,2.5693,2.8632,2.6895,3.2065
948,94.8000,4.6103,2.3492,4.8795,0.9839,4.2173,4.2173,6.2686,5.9701,2.4880,2.4533,2.5525,3.7530
949,94.9000,4.9217,2.8722,4.6589,0.9673,4.1712,4.1712,6.6622,6.1947,2.7131,2.7454,2.5376,3.4097
950,95.0000,5.0771,2.8525,4.9387,0.9787,4.3502,4.3502,6.7012,6.4004,2.6213,2.6494,2.6955,3.0345
951,95.1000,5.1543,3.0842,4.5936,0.9802,4.8616,4.8616,6.9703,6.6443,2.8112,2.6295,2.5275,3.1521
952,95.2000,5.3043,3.1011,5.0022,0.9456,4.7909,4.7909,6.7950,6.5356,2.8637,2.6691,2.6244,2.9159
953,95.3000,4.8849,2.8636,4.9363,1.0070,4.8656,4.8656,6.5208,6.5498,2.7885,2.6852,2.8925,3.3481
954,95.4000,4.8026,2.6402,5.2680,0.9831,4.5197,4.5197,6.7775,6.4001,2.5714,2.8764,2.5515,3.1611
955,95.5000,5.1299,2.8946,5.2831,0.9662,4.4659,4.4659,7.0191,6.4771,2.6101,2.4970,2.5925,3.0451
956,95.6000,5.1633,2.9500,4.8123,0.9545,4.4499,4.4499,6.8751,6.5368,2.6537,2.7514,2.6953,3.3770
957,95.7000,5.0836,2.8756,5.0881,0.9525,4.4713,4.4713,6.5138,6.2724,3.0226,2.7183,2.5660,3.2975
958,95.8000,5.1256,2.9900,4.8879,1.0020,4.2041,4.2041,6.3161,6.0916,2.7983,2.6260,2.7499,3.1190
959,95.9000,5.0866,2.9555,4.8187,0.9666,4.5188,4.5188,6.7140,6.3121,2.6245,2.7900,2.6464,3.1050
960,96.0000,5.2314,3.0040,5.0435,0.9473,4.5716,4.5716,6.9453,6.4021,2.5532,2.7262,2.6586,3.0828
961,96.1000,5.0823,2.8573,5.0993,1.0106,4.6951,4.6951,7.0154,6.4661,2.6446,2.6498,2.5681,3.0414
962,96.2000,5.2679,3.0541,5.2248,0.9777,4.4896,4.4896,6.9335,6.3429,2.6499,2.5521,2.5948,3.1188
963,96.3000,5.2226,2.9363,5.1463,0.9518,4.1863,4.1863,6.7730,6.1711,2.6905,2.7752,2.6252,3.3808
964,96.4000,4.8988,2.6321,5.0426,0.9650,4.5661,4.5661,6.4181,6.0667,2.5256,2.5952,2.5647,3.1871
965,96.5000,5.2439,3.0906,4.9187,0.9774,4.3312,4.3312,6.3743,6.0022,2.6929,2.9193,2.6100,2.9962
966,96.6000,5.3090,3.2124,5.0775,0.9457,4.5741,4.5741,6.3787,6.2222,2.8270,2.8522,2.7430,3.4023
967,96.7000,5.2136,3.1681,5.1783,1.0094,4.6985,4.6985,6.3515,6.3519,2.9475,2.6425,2.5781,3.6215
968,96.8000,4.7696,2.7510,4.4885,0.9641,4.8236,4.8236,6.4089,6.4043,2.7669,2.7485,2.5886,3.0797
969,96.9000,5.1319,2.9413,5.1056,0.9354,4.9006,4.9006,6.4552,6.6058,2.6728,2.7823,2.6728,3.3919
970,97.0000,5.0112,2.9085,4.8085,1.0183,4.9477,4.9477,6.8948,6.6996,2.8072,2.6109,2.6832,3.2230
971,97.1000,5.2120,3.1944,4.9637,0.9806,4.4232,4.4232,6.4584,6.2757,2.8146,2.6923,2.7243,3.0702
972,97.2000,4.5271,2.5362,4.9050,0.9370,4.7699,4.7699,6.3595,6.4268,2.6351,2.8190,2.6581,3.5493
973,97.3000,5.2569,3.1028,5.0309,0.9950,4.8904,4.8904,6.3094,6.5505,2.8003,2.5027,2.6367,3.6033
974,97.4000,4.8883,2.6965,4.9947,0.9786,4.4894,4.4894,6.2120,6.1317,2.5854,2.7929,2.5881,3.3762
975,97.5000,5.3316,3.1085,5.4034,0.9609,4.8509,4.8509,6.9198,6.6554,2.7463,2.7277,2.5605,2.9988
976,97.6000,5.3231,3.1593,4.9484,0.9680,4.7199,4.7199,6.9877,6.6377,2.7473,2.5340,2.6072,2.9846
977,97.7000,5.1792,2.9872,5.0036,0.9641,4.5663,4.5663,6.8332,6.5240,2.6819,2.8128,2.6594,3.0169
978,97.8000,5.1626,2.9557,5.0748,1.0101,4.3401,4.3401,6.7619,6.3116,2.6793,2.5909,2.6180,3.2690
979,97.9000,5.0144,2.8926,4.9816,0.9470,4.7068,4.7068,6.8786,6.6073,2.7224,2.6112,2.7225,3.3359
980,98.0000,5.0908,2.9706,4.6975,0.9700,4.6821,4.6821,6.9012,6.4792,2.6173,2.5430,2.6916,3.1323
981,98.1000,5.1523,2.9429,5.1099,1.0122,4.6323,4.6323,7.0157,6.6586,2.6790,2.6346,2.6233,3.1196
982,98.2000,5.0549,2.8923,4.8186,0.9541,4.5860,4.5860,6.9215,6.5218,2.7616,2.7139,2.6290,3.2308
983,98.3000,4.7158,2.6847,5.3006,0.9715,4.4776,4.4776,6.2296,6.1640,2.6294,2.6575,2.6678,3.3460
984,98.4000,4.7351,2.7049,5.0210,0.9923,4.2503,4.2503,6.2439,6.1309,2.6297,2.7904,2.5503,3.3502
985,98.5000,5.1050,2.9285,5.4408,0.9776,4.5739,4.5739,6.8655,6.6323,2.7303,2.5992,2.7171,3.5520
986,98.6000,5.4425,3.1997,4.8253,0.9713,4.9988,4.9988,7.3426,6.7092,2.8917,2.6769,2.7651,3.3147
987,98.7000,4.9989,2.9188,5.4149,0.9353,4.5143,4.5143,7.3295,6.6278,2.6572,2.7298,2.5997,3.0883
988,98.8000,5.0857,3.0587,4.7206,0.9921,4.3798,4.3798,6.9869,6.4149,2.6903,2.7395,2.5732,3.0484
989,98.9000,4.7866,2.6772,5.5130,0.9804,4.4954,4.4954,6.4966,6.3126,2.5632,2.7650,2.6290,3.2590
990,99.0000,4.7035,2.8312,4.7533,0.9731,4.9167,4.9167,6.2377,6.3888,2.6576,2.6338,2.6479,3.2920
991,99.1000,5.1278,3.0855,4.6981,0.9530,4.7240,4.7240,6.7750,6.5887,2.7763,2.7303,2.7124,3.2624
992,99.2000,5.2785,3.0736,5.4216,1.0052,4.6169,4.6169,6.8531,6.5260,2.7355,2.5559,2.6037,3.1867
993,99.3000,5.1425,3.0108,4.8250,0.9997,4.3190,4.3190,6.6427,6.2905,2.7048,2.7136,2.5943,3.2006
994,99.4000,5.0217,2.9036,5.0491,0.9472,4.7954,4.7954,6.6163,6.5488,2.6884,2.6596,2.5544,3.4363
995,99.5000,5.3318,3.2926,4.8005,0.9673,4.5273,4.5273,6.7838,6.4923,2.8298,2.7811,2.6805,3.2107
996,99.6000,5.0704,2.8646,5.0189,0.9826,4.6990,4.6990,6.5949,6.3583,2.7967,2.5953,2.7178,3.3514
997,99.7000,5.2129,3.0974,4.8950,0.9874,4.9518,4.9518,6.6847,6.6036,2.9516,2.7591,2.6443,3.0811
998,99.8000,5.1547,3.0805,5.0381,0.9621,4.7820,4.7820,6.7761,6.6994,2.8102,2.8238,2.7318,3.2205
999,99.9000,4.9110,2.7050,5.2656,0.9327,4.7489,4.7489,6.5385,6.4475,2.7540,2.4908,2.5010,3.3107
