frame,time,backbone,pair_sidechains
0,0.0000,0.0000,0.0000
1,0.1000,0.2094,0.2428
2,0.2000,0.2918,0.2844
3,0.3000,0.3531,0.3071
4,0.4000,0.3838,0.2542
5,0.5000,0.4091,0.2756
6,0.6000,0.4259,0.2298
7,0.7000,0.4338,0.3493
8,0.8000,0.4238,0.2775
9,0.9000,0.4253,0.2787
10,1.0000,0.4191,0.3186
11,1.1000,0.4150,0.2097
12,1.2000,0.4228,0.2870
13,1.3000,0.4406,0.3689
14,1.4000,0.4494,0.3626
15,1.5000,0.4567,0.4300
16,1.6000,0.4601,0.5639
17,1.7000,0.4599,0.4133
18,1.8000,0.4487,0.3329
19,1.9000,0.4482,0.4131
20,2.0000,0.4555,0.4230
21,2.1000,0.4642,0.5423
22,2.2000,0.4787,0.4782
23,2.3000,0.4746,0.4544
24,2.4000,0.4751,0.4754
25,2.5000,0.4820,0.4562
26,2.6000,0.4850,0.4823
27,2.7000,0.4928,0.5847
28,2.8000,0.4843,0.3712
29,2.9000,0.4892,0.3703
30,3.0000,0.4838,0.4363
31,3.1000,0.4937,0.4963
32,3.2000,0.5062,0.5126
33,3.3000,0.5130,0.4750
34,3.4000,0.5174,0.4534
35,3.5000,0.5216,0.3523
36,3.6000,0.5225,0.4407
37,3.7000,0.5242,0.5089
38,3.8000,0.5254,0.5079
39,3.9000,0.5261,0.4843
40,4.0000,0.5214,0.3787
41,4.1000,0.5138,0.4770
42,4.2000,0.5022,0.4872
43,4.3000,0.5005,0.4590
44,4.4000,0.5001,0.3981
45,4.5000,0.5120,0.2570
46,4.6000,0.5203,0.3091
47,4.7000,0.5357,0.4338
48,4.8000,0.5487,0.4971
49,4.9000,0.5423,0.4017
50,5.0000,0.5372,0.4633
51,5.1000,0.5421,0.4121
52,5.2000,0.5447,0.4110
53,5.3000,0.5557,0.4040
54,5.4000,0.5637,0.3830
55,5.5000,0.5633,0.4425
56,5.6000,0.5667,0.5791
57,5.7000,0.5754,0.5701
58,5.8000,0.5653,0.4635
59,5.9000,0.5594,0.3869
60,6.0000,0.5633,0.3412
61,6.1000,0.5646,0.2946
62,6.2000,0.5646,0.3448
63,6.3000,0.5689,0.4020
64,6.4000,0.5755,0.4627
65,6.5000,0.5848,0.3637
66,6.6000,0.5871,0.5588
67,6.7000,0.5872,0.5346
68,6.8000,0.5940,0.4590
69,6.9000,0.5891,0.3872
70,7.0000,0.5824,0.3170
71,7.1000,0.5749,0.3576
72,7.2000,0.5607,0.3103
73,7.3000,0.5743,0.4401
74,7.4000,0.5725,0.3095
75,7.5000,0.5800,0.4005
76,7.6000,0.5892,0.3791
77,7.7000,0.5974,0.5201
78,7.8000,0.5981,0.4930
79,7.9000,0.5905,0.5017
80,8.0000,0.5809,0.4715
81,8.1000,0.5821,0.3796
82,8.2000,0.5819,0.3678
83,8.3000,0.5805,0.2221
84,8.4000,0.5825,0.4386
85,8.5000,0.5781,0.4538
86,8.6000,0.5747,0.5540
87,8.7000,0.5738,0.5033
88,8.8000,0.5649,0.4076
89,8.9000,0.5775,0.5640
90,9.0000,0.5871,0.6559
91,9.1000,0.5890,0.5499
92,9.2000,0.5879,0.5552
93,9.3000,0.5925,0.5105
94,9.4000,0.5973,0.5811
95,9.5000,0.5947,0.6186
96,9.6000,0.6010,0.5339
97,9.7000,0.6044,0.6683
98,9.8000,0.6026,0.7005
99,9.9000,0.6076,0.6922
100,10.0000,0.6196,0.4937
101,10.1000,0.6428,0.4257
102,10.2000,0.6363,0.6351
103,10.3000,0.6302,0.7549
104,10.4000,0.6232,0.8205
105,10.5000,0.6255,0.7262
106,10.6000,0.6217,0.6569
107,10.7000,0.6233,0.5498
108,10.8000,0.6222,0.5000
109,10.9000,0.6232,0.5420
110,11.0000,0.6244,0.5081
111,11.1000,0.6324,0.6294
112,11.2000,0.6331,0.5985
113,11.3000,0.6441,0.6459
114,11.4000,0.6515,0.7174
115,11.5000,0.6629,0.7195
116,11.6000,0.6693,0.8412
117,11.7000,0.6807,0.9242
118,11.8000,0.6885,0.8586
119,11.9000,0.6905,0.7486
120,12.0000,0.6932,0.7676
121,12.1000,0.6849,0.6630
122,12.2000,0.6760,0.5866
123,12.3000,0.6607,0.6048
124,12.4000,0.6491,0.5538
125,12.5000,0.6505,0.4629
126,12.6000,0.6425,0.4603
127,12.7000,0.6305,0.4227
128,12.8000,0.6232,0.3257
129,12.9000,0.6027,0.4273
130,13.0000,0.5998,0.6234
131,13.1000,0.6034,0.5775
132,13.2000,0.6037,0.5228
133,13.3000,0.6121,0.5695
134,13.4000,0.6142,0.6172
135,13.5000,0.6147,0.5361
136,13.6000,0.6039,0.6879
137,13.7000,0.6116,0.5105
138,13.8000,0.6164,0.5106
139,13.9000,0.6168,0.5863
140,14.0000,0.6147,0.3976
141,14.1000,0.6131,0.3702
142,14.2000,0.6245,0.3927
143,14.3000,0.6393,0.3717
144,14.4000,0.6443,0.4513
145,14.5000,0.6467,0.5361
146,14.6000,0.6440,0.6071
147,14.7000,0.6422,0.5433
148,14.8000,0.6395,0.3884
149,14.9000,0.6385,0.5861
150,15.0000,0.6340,0.6020
151,15.1000,0.6266,0.6329
152,15.2000,0.6372,0.5132
153,15.3000,0.6407,0.4654
154,15.4000,0.6421,0.4260
155,15.5000,0.6509,0.3665
156,15.6000,0.6557,0.3648
157,15.7000,0.6706,0.3490
158,15.8000,0.6753,0.2993
159,15.9000,0.6791,0.3367
160,16.0000,0.6799,0.3482
161,16.1000,0.6792,0.4005
162,16.2000,0.6862,0.4582
163,16.3000,0.6813,0.4559
164,16.4000,0.6764,0.3623
165,16.5000,0.6840,0.3114
166,16.6000,0.6690,0.3389
167,16.7000,0.6698,0.3467
168,16.8000,0.6736,0.4080
169,16.9000,0.6746,0.4808
170,17.0000,0.6835,0.6172
171,17.1000,0.6845,0.5076
172,17.2000,0.6795,0.4752
173,17.3000,0.6784,0.4850
174,17.4000,0.6751,0.4770
175,17.5000,0.6802,0.4692
176,17.6000,0.6827,0.5167
177,17.7000,0.6895,0.5226
178,17.8000,0.6974,0.5628
179,17.9000,0.6942,0.5136
180,18.0000,0.6908,0.3455
181,18.1000,0.6863,0.5265
182,18.2000,0.6815,0.5422
183,18.3000,0.6773,0.5202
184,18.4000,0.6629,0.5433
185,18.5000,0.6504,0.4029
186,18.6000,0.6657,0.4031
187,18.7000,0.6755,0.4524
188,18.8000,0.6853,0.4917
189,18.9000,0.6852,0.4519
190,19.0000,0.6840,0.4576
191,19.1000,0.6819,0.3695
192,19.2000,0.6957,0.3616
193,19.3000,0.7022,0.4511
194,19.4000,0.7041,0.4526
195,19.5000,0.6967,0.4895
196,19.6000,0.7000,0.5909
197,19.7000,0.7071,0.6878
198,19.8000,0.7027,0.5491
199,19.9000,0.6941,0.5132
200,20.0000,0.6896,0.6906
201,20.1000,0.6891,0.7168
202,20.2000,0.6834,0.5234
203,20.3000,0.6738,0.6296
204,20.4000,0.6630,0.6587
205,20.5000,0.6686,0.5788
206,20.6000,0.6688,0.6658
207,20.7000,0.6695,0.5239
208,20.8000,0.6778,0.4874
209,20.9000,0.6813,0.5872
210,21.0000,0.6845,0.6176
211,21.1000,0.6893,0.6577
212,21.2000,0.6895,0.6023
213,21.3000,0.6743,0.5106
214,21.4000,0.6654,0.6193
215,21.5000,0.6624,0.6130
216,21.6000,0.6586,0.3656
217,21.7000,0.6643,0.3281
218,21.8000,0.6736,0.4364
219,21.9000,0.6795,0.3713
220,22.0000,0.6745,0.5935
221,22.1000,0.6723,0.6979
222,22.2000,0.6802,0.8037
223,22.3000,0.6950,0.9976
224,22.4000,0.6985,1.0221
225,22.5000,0.7039,0.7681
226,22.6000,0.7124,0.5549
227,22.7000,0.7035,0.5473
228,22.8000,0.6993,0.7067
229,22.9000,0.6957,0.7880
230,23.0000,0.6968,0.6985
231,23.1000,0.7117,0.7120
232,23.2000,0.7279,0.7061
233,23.3000,0.7347,0.6721
234,23.4000,0.7329,0.6619
235,23.5000,0.7481,0.6756
236,23.6000,0.7595,0.7119
237,23.7000,0.7646,0.7369
238,23.8000,0.7660,0.4743
239,23.9000,0.7624,0.4918
240,24.0000,0.7635,0.5279
241,24.1000,0.7599,0.6082
242,24.2000,0.7571,0.5665
243,24.3000,0.7599,0.6642
244,24.4000,0.7601,0.5864
245,24.5000,0.7653,0.4041
246,24.6000,0.7732,0.4147
247,24.7000,0.7759,0.3976
248,24.8000,0.7721,0.3980
249,24.9000,0.7834,0.4452
250,25.0000,0.8055,0.5661
251,25.1000,0.8215,0.4529
252,25.2000,0.8247,0.4976
253,25.3000,0.8210,0.4899
254,25.4000,0.8160,0.4473
255,25.5000,0.8125,0.6343
256,25.6000,0.8123,0.8318
257,25.7000,0.8158,0.9316
258,25.8000,0.8282,0.7968
259,25.9000,0.8390,0.6619
260,26.0000,0.8439,0.4985
261,26.1000,0.8503,0.5183
262,26.2000,0.8547,0.5104
263,26.3000,0.8558,0.4336
264,26.4000,0.8537,0.4890
265,26.5000,0.8528,0.4935
266,26.6000,0.8517,0.4615
267,26.7000,0.8574,0.4069
268,26.8000,0.8534,0.5719
269,26.9000,0.8385,0.7859
270,27.0000,0.8312,0.5852
271,27.1000,0.8427,0.5626
272,27.2000,0.8486,0.5274
273,27.3000,0.8442,0.4373
274,27.4000,0.8415,0.5846
275,27.5000,0.8352,0.5380
276,27.6000,0.8320,0.4773
277,27.7000,0.8184,0.3900
278,27.8000,0.8185,0.4087
279,27.9000,0.8253,0.7221
280,28.0000,0.8238,0.6568
281,28.1000,0.8335,0.3517
282,28.2000,0.8438,0.3026
283,28.3000,0.8529,0.4424
284,28.4000,0.8468,0.4387
285,28.5000,0.8499,0.4819
286,28.6000,0.8467,0.5438
287,28.7000,0.8415,0.5860
288,28.8000,0.8498,0.5306
289,28.9000,0.8625,0.5679
290,29.0000,0.8642,0.6269
291,29.1000,0.8669,0.6930
292,29.2000,0.8708,0.4076
293,29.3000,0.8707,0.4489
294,29.4000,0.8619,0.5909
295,29.5000,0.8535,0.4636
296,29.6000,0.8461,0.4122
297,29.7000,0.8443,0.4886
298,29.8000,0.8508,0.7105
299,29.9000,0.8525,0.6959
300,30.0000,0.8571,0.6508
301,30.1000,0.8628,0.5805
302,30.2000,0.8792,0.3816
303,30.3000,0.8869,0.3279
304,30.4000,0.8919,0.5179
305,30.5000,0.8879,0.4155
306,30.6000,0.8925,0.5226
307,30.7000,0.8896,0.5255
308,30.8000,0.8909,0.4356
309,30.9000,0.8808,0.5302
310,31.0000,0.8830,0.5501
311,31.1000,0.8838,0.4714
312,31.2000,0.8912,0.4397
313,31.3000,0.8886,0.5120
314,31.4000,0.8968,0.5820
315,31.5000,0.8912,0.6788
316,31.6000,0.8978,0.8119
317,31.7000,0.8975,0.9482
318,31.8000,0.8955,0.8809
319,31.9000,0.8808,0.7316
320,32.0000,0.8796,0.6370
321,32.1000,0.8823,0.5655
322,32.2000,0.8861,0.7369
323,32.3000,0.8901,0.7534
324,32.4000,0.8758,0.8225
325,32.5000,0.8769,0.9008
326,32.6000,0.8712,0.7411
327,32.7000,0.8634,0.5873
328,32.8000,0.8612,0.5951
329,32.9000,0.8568,0.7167
330,33.0000,0.8565,0.7797
331,33.1000,0.8574,0.6153
332,33.2000,0.8529,0.5392
333,33.3000,0.8532,0.4973
334,33.4000,0.8498,0.5707
335,33.5000,0.8345,0.7693
336,33.6000,0.8377,0.6862
337,33.7000,0.8381,0.6604
338,33.8000,0.8395,0.5909
339,33.9000,0.8514,0.5188
340,34.0000,0.8512,0.5700
341,34.1000,0.8585,0.5674
342,34.2000,0.8609,0.7774
343,34.3000,0.8715,0.7650
344,34.4000,0.8761,0.7090
345,34.5000,0.8658,0.6965
346,34.6000,0.8566,0.5907
347,34.7000,0.8567,0.5182
348,34.8000,0.8577,0.5775
349,34.9000,0.8542,0.3821
350,35.0000,0.8591,0.4803
351,35.1000,0.8675,0.5486
352,35.2000,0.8698,0.3773
353,35.3000,0.8735,0.2866
354,35.4000,0.8709,0.3898
355,35.5000,0.8723,0.3807
356,35.6000,0.8737,0.3323
357,35.7000,0.8761,0.3892
358,35.8000,0.8794,0.5103
359,35.9000,0.8765,0.4893
360,36.0000,0.8831,0.6171
361,36.1000,0.8948,0.6921
362,36.2000,0.8950,0.6462
363,36.3000,0.9082,0.5860
364,36.4000,0.9018,0.7440
365,36.5000,0.8856,0.6930
366,36.6000,0.8890,0.6211
367,36.7000,0.8882,0.4687
368,36.8000,0.8825,0.5205
369,36.9000,0.8657,0.6127
370,37.0000,0.8574,0.5890
371,37.1000,0.8563,0.4591
372,37.2000,0.8566,0.3246
373,37.3000,0.8663,0.3204
374,37.4000,0.8694,0.3988
375,37.5000,0.8660,0.3573
376,37.6000,0.8627,0.3878
377,37.7000,0.8654,0.5797
378,37.8000,0.8697,0.5014
379,37.9000,0.8754,0.2718
380,38.0000,0.8727,0.3332
381,38.1000,0.8728,0.3288
382,38.2000,0.8833,0.2401
383,38.3000,0.8890,0.3690
384,38.4000,0.8929,0.6116
385,38.5000,0.8894,0.7178
386,38.6000,0.8851,0.7380
387,38.7000,0.8719,0.5327
388,38.8000,0.8583,0.5376
389,38.9000,0.8623,0.6187
390,39.0000,0.8691,0.6087
391,39.1000,0.8723,0.4572
392,39.2000,0.8679,0.4968
393,39.3000,0.8629,0.5928
394,39.4000,0.8566,0.6205
395,39.5000,0.8533,0.5627
396,39.6000,0.8644,0.4918
397,39.7000,0.8567,0.5900
398,39.8000,0.8513,0.5783
399,39.9000,0.8462,0.5197
400,40.0000,0.8590,0.4196
401,40.1000,0.8652,0.3736
402,40.2000,0.8696,0.4925
403,40.3000,0.8741,0.4564
404,40.4000,0.8786,0.3352
405,40.5000,0.8866,0.2724
406,40.6000,0.9066,0.3716
407,40.7000,0.9175,0.4506
408,40.8000,0.9245,0.4026
409,40.9000,0.9292,0.3578
410,41.0000,0.9347,0.4276
411,41.1000,0.9333,0.5896
412,41.2000,0.9285,0.4903
413,41.3000,0.9221,0.4720
414,41.4000,0.9101,0.4396
415,41.5000,0.8959,0.4249
416,41.6000,0.8855,0.3789
417,41.7000,0.8876,0.3141
418,41.8000,0.8716,0.2969
419,41.9000,0.8600,0.3077
420,42.0000,0.8492,0.2028
421,42.1000,0.8497,0.2383
422,42.2000,0.8541,0.2712
423,42.3000,0.8629,0.4924
424,42.4000,0.8626,0.6000
425,42.5000,0.8567,0.5191
426,42.6000,0.8679,0.6207
427,42.7000,0.8797,0.7086
428,42.8000,0.8883,0.7172
429,42.9000,0.8959,0.7350
430,43.0000,0.9023,0.6916
431,43.1000,0.8997,0.7502
432,43.2000,0.8984,0.7788
433,43.3000,0.8990,0.6895
434,43.4000,0.8878,0.5950
435,43.5000,0.8745,0.5417
436,43.6000,0.8643,0.5173
437,43.7000,0.8683,0.4419
438,43.8000,0.8850,0.5957
439,43.9000,0.8900,0.6022
440,44.0000,0.8887,0.3792
441,44.1000,0.8833,0.3197
442,44.2000,0.8759,0.4577
443,44.3000,0.8787,0.7032
444,44.4000,0.8796,0.7138
445,44.5000,0.8766,0.5363
446,44.6000,0.8791,0.5041
447,44.7000,0.8690,0.4768
448,44.8000,0.8657,0.4258
449,44.9000,0.8662,0.5044
450,45.0000,0.8568,0.5457
451,45.1000,0.8565,0.6373
452,45.2000,0.8606,0.6133
453,45.3000,0.8647,0.6471
454,45.4000,0.8645,0.6898
455,45.5000,0.8657,0.7466
456,45.6000,0.8710,0.6771
457,45.7000,0.8775,0.5994
458,45.8000,0.8889,0.5072
459,45.9000,0.8913,0.4398
460,46.0000,0.8960,0.3675
461,46.1000,0.8884,0.4781
462,46.2000,0.8761,0.6322
463,46.3000,0.8809,0.6592
464,46.4000,0.8753,0.6411
465,46.5000,0.8639,0.5651
466,46.6000,0.8705,0.4497
467,46.7000,0.8682,0.3706
468,46.8000,0.8648,0.4551
469,46.9000,0.8653,0.3791
470,47.0000,0.8639,0.3775
471,47.1000,0.8713,0.4616
472,47.2000,0.8766,0.6118
473,47.3000,0.8856,0.5396
474,47.4000,0.8907,0.4065
475,47.5000,0.8832,0.5552
476,47.6000,0.8817,0.5984
477,47.7000,0.8957,0.5840
478,47.8000,0.9069,0.5074
479,47.9000,0.9022,0.4978
480,48.0000,0.8935,0.5016
481,48.1000,0.8817,0.5711
482,48.2000,0.8786,0.4160
483,48.3000,0.8731,0.4248
484,48.4000,0.8585,0.4650
485,48.5000,0.8523,0.3465
486,48.6000,0.8577,0.4855
487,48.7000,0.8655,0.6338
488,48.8000,0.8710,0.7039
489,48.9000,0.8757,0.5153
490,49.0000,0.8798,0.3808
491,49.1000,0.8776,0.2881
492,49.2000,0.8552,0.2818
493,49.3000,0.8511,0.4199
494,49.4000,0.8469,0.3101
495,49.5000,0.8476,0.2408
496,49.6000,0.8515,0.4631
497,49.7000,0.8460,0.4997
498,49.8000,0.8492,0.5012
499,49.9000,0.8478,0.6499
500,50.0000,0.8569,0.6135
501,50.1000,0.8553,0.6240
502,50.2000,0.8654,0.5345
503,50.3000,0.8719,0.5527
504,50.4000,0.8717,0.5608
505,50.5000,0.8669,0.5715
506,50.6000,0.8757,0.5358
507,50.7000,0.8745,0.5794
508,50.8000,0.8808,0.4849
509,50.9000,0.8791,0.5061
510,51.0000,0.8743,0.4927
511,51.1000,0.8624,0.4353
512,51.2000,0.8562,0.4760
513,51.3000,0.8600,0.4796
514,51.4000,0.8719,0.4503
515,51.5000,0.8899,0.3889
516,51.6000,0.8961,0.4756
517,51.7000,0.8879,0.3435
518,51.8000,0.8860,0.3055
519,51.9000,0.8941,0.4882
520,52.0000,0.9016,0.4921
521,52.1000,0.9091,0.3981
522,52.2000,0.9165,0.4720
523,52.3000,0.9073,0.3632
524,52.4000,0.9043,0.3602
525,52.5000,0.8877,0.4138
526,52.6000,0.8721,0.4118
527,52.7000,0.8606,0.4121
528,52.8000,0.8551,0.4341
529,52.9000,0.8406,0.4010
530,53.0000,0.8576,0.3997
531,53.1000,0.8767,0.3818
532,53.2000,0.8767,0.3292
533,53.3000,0.8881,0.3391
534,53.4000,0.8924,0.4801
535,53.5000,0.9027,0.4195
536,53.6000,0.9083,0.4026
537,53.7000,0.9225,0.4935
538,53.8000,0.9235,0.7143
539,53.9000,0.9147,0.6955
540,54.0000,0.9076,0.7124
541,54.1000,0.9079,0.6093
542,54.2000,0.8948,0.6469
543,54.3000,0.8820,0.4759
544,54.4000,0.8702,0.3817
545,54.5000,0.8774,0.4365
546,54.6000,0.8868,0.5355
547,54.7000,0.8936,0.6830
548,54.8000,0.8876,0.5492
549,54.9000,0.8950,0.4860
550,55.0000,0.9024,0.5220
551,55.1000,0.8999,0.5425
552,55.2000,0.8977,0.3382
553,55.3000,0.9044,0.4278
554,55.4000,0.9049,0.4943
555,55.5000,0.9020,0.3835
556,55.6000,0.9021,0.2918
557,55.7000,0.9083,0.3470
558,55.8000,0.9180,0.3662
559,55.9000,0.9211,0.4106
560,56.0000,0.9208,0.4655
561,56.1000,0.9187,0.6706
562,56.2000,0.9268,0.6894
563,56.3000,0.9192,0.5224
564,56.4000,0.9087,0.5672
565,56.5000,0.8956,0.5899
566,56.6000,0.8927,0.6459
567,56.7000,0.8963,0.5115
568,56.8000,0.8978,0.5214
569,56.9000,0.9080,0.5538
570,57.0000,0.9086,0.6164
571,57.1000,0.9208,0.4928
572,57.2000,0.9273,0.5453
573,57.3000,0.9233,0.4218
574,57.4000,0.9239,0.4807
575,57.5000,0.9339,0.5906
576,57.6000,0.9378,0.5668
577,57.7000,0.9401,0.4513
578,57.8000,0.9385,0.5325
579,57.9000,0.9387,0.5419
580,58.0000,0.9455,0.4887
581,58.1000,0.9562,0.6158
582,58.2000,0.9528,0.7206
583,58.3000,0.9522,0.7335
584,58.4000,0.9540,0.6140
585,58.5000,0.9588,0.7845
586,58.6000,0.9487,0.6690
587,58.7000,0.9544,0.7410
588,58.8000,0.9515,0.7308
589,58.9000,0.9557,0.7272
590,59.0000,0.9620,0.5803
591,59.1000,0.9574,0.6229
592,59.2000,0.9561,0.9341
593,59.3000,0.9541,1.0733
594,59.4000,0.9502,0.8949
595,59.5000,0.9546,0.7287
596,59.6000,0.9546,0.6513
597,59.7000,0.9528,0.7065
598,59.8000,0.9444,0.6332
599,59.9000,0.9424,0.5802
600,60.0000,0.9444,0.4464
601,60.1000,0.9483,0.5002
602,60.2000,0.9523,0.5158
603,60.3000,0.9536,0.5634
604,60.4000,0.9606,0.7358
605,60.5000,0.9549,0.7516
606,60.6000,0.9516,0.9219
607,60.7000,0.9385,0.9426
608,60.8000,0.9316,0.6790
609,60.9000,0.9250,0.7959
610,61.0000,0.9339,0.7582
611,61.1000,0.9354,0.8061
612,61.2000,0.9310,0.8257
613,61.3000,0.9382,0.8541
614,61.4000,0.9582,0.9541
615,61.5000,0.9673,0.8678
616,61.6000,0.9675,0.7723
617,61.7000,0.9719,0.6804
618,61.8000,0.9844,0.6834
619,61.9000,0.9835,0.6851
620,62.0000,0.9567,0.5492
621,62.1000,0.9429,0.5611
622,62.2000,0.9432,0.6334
623,62.3000,0.9401,0.6569
624,62.4000,0.9438,0.5946
625,62.5000,0.9508,0.6113
626,62.6000,0.9443,0.6393
627,62.7000,0.9486,0.8079
628,62.8000,0.9570,0.6661
629,62.9000,0.9590,0.7667
630,63.0000,0.9544,0.7326
631,63.1000,0.9561,0.6133
632,63.2000,0.9571,0.7372
633,63.3000,0.9739,0.8362
634,63.4000,0.9681,0.9090
635,63.5000,0.9644,0.8517
636,63.6000,0.9721,0.6784
637,63.7000,0.9752,0.7492
638,63.8000,0.9742,0.8446
639,63.9000,0.9763,0.7355
640,64.0000,0.9853,0.8229
641,64.1000,0.9823,0.8785
642,64.2000,0.9787,0.8003
643,64.3000,0.9712,0.7162
644,64.4000,0.9610,0.8432
645,64.5000,0.9576,0.8705
646,64.6000,0.9596,0.8580
647,64.7000,0.9565,0.7693
648,64.8000,0.9467,0.7976
649,64.9000,0.9334,0.7222
650,65.0000,0.9287,0.5905
651,65.1000,0.9306,0.5936
652,65.2000,0.9399,0.7045
653,65.3000,0.9438,0.7166
654,65.4000,0.9343,0.8570
655,65.5000,0.9324,0.9339
656,65.6000,0.9362,0.6489
657,65.7000,0.9347,0.6430
658,65.8000,0.9328,0.6763
659,65.9000,0.9414,0.4743
660,66.0000,0.9420,0.5017
661,66.1000,0.9483,0.5676
662,66.2000,0.9523,0.6674
663,66.3000,0.9630,0.7075
664,66.4000,0.9714,0.8845
665,66.5000,0.9705,0.8603
666,66.6000,0.9758,0.8924
667,66.7000,0.9724,0.8754
668,66.8000,0.9681,0.8091
669,66.9000,0.9686,0.7795
670,67.0000,0.9653,0.8169
671,67.1000,0.9582,0.8642
672,67.2000,0.9557,0.8059
673,67.3000,0.9592,0.6984
674,67.4000,0.9659,0.7346
675,67.5000,0.9594,0.7575
676,67.6000,0.9564,0.7487
677,67.7000,0.9468,0.7789
678,67.8000,0.9522,0.8761
679,67.9000,0.9526,0.8221
680,68.0000,0.9483,0.8776
681,68.1000,0.9510,1.0639
682,68.2000,0.9403,0.9584
683,68.3000,0.9387,0.8020
684,68.4000,0.9367,0.7959
685,68.5000,0.9374,0.8228
686,68.6000,0.9337,0.8675
687,68.7000,0.9388,0.9148
688,68.8000,0.9347,0.9011
689,68.9000,0.9389,0.8304
690,69.0000,0.9391,0.8742
691,69.1000,0.9393,1.0054
692,69.2000,0.9346,0.8956
693,69.3000,0.9395,0.9194
694,69.4000,0.9488,0.8873
695,69.5000,0.9433,0.8768
696,69.6000,0.9450,0.8170
697,69.7000,0.9434,0.8735
698,69.8000,0.9421,0.8588
699,69.9000,0.9348,0.8941
700,70.0000,0.9228,0.8954
701,70.1000,0.9310,0.8324
702,70.2000,0.9365,0.6926
703,70.3000,0.9475,0.6944
704,70.4000,0.9423,0.7640
705,70.5000,0.9437,0.7832
706,70.6000,0.9474,0.7205
707,70.7000,0.9412,0.7030
708,70.8000,0.9391,0.5053
709,70.9000,0.9408,0.6908
710,71.0000,0.9375,0.8161
711,71.1000,0.9385,0.6657
712,71.2000,0.9374,0.6355
713,71.3000,0.9423,0.6134
714,71.4000,0.9442,0.6429
715,71.5000,0.9453,0.6567
716,71.6000,0.9390,0.5889
717,71.7000,0.9318,0.5941
718,71.8000,0.9269,0.5802
719,71.9000,0.9260,0.6467
720,72.0000,0.9153,0.6583
721,72.1000,0.9215,0.7279
722,72.2000,0.9402,0.7187
723,72.3000,0.9411,0.8136
724,72.4000,0.9333,0.8180
725,72.5000,0.9279,0.7725
726,72.6000,0.9155,0.7646
727,72.7000,0.9200,0.6685
728,72.8000,0.9309,0.7587
729,72.9000,0.9369,0.9429
730,73.0000,0.9494,0.8360
731,73.1000,0.9548,0.9107
732,73.2000,0.9540,0.9936
733,73.3000,0.9652,0.8678
734,73.4000,0.9573,0.9555
735,73.5000,0.9545,0.9267
736,73.6000,0.9547,0.7827
737,73.7000,0.9564,0.8930
738,73.8000,0.9573,1.0108
739,73.9000,0.9579,0.9687
740,74.0000,0.9579,0.8938
741,74.1000,0.9462,1.0068
742,74.2000,0.9435,0.9436
743,74.3000,0.9481,0.8311
744,74.4000,0.9364,0.6921
745,74.5000,0.9206,0.8161
746,74.6000,0.9168,0.7359
747,74.7000,0.9081,0.7170
748,74.8000,0.9022,0.7291
749,74.9000,0.9005,0.8297
750,75.0000,0.9037,0.9468
751,75.1000,0.9099,0.9894
752,75.2000,0.8970,0.9806
753,75.3000,0.8925,0.8090
754,75.4000,0.8814,0.8202
755,75.5000,0.8916,0.8714
756,75.6000,0.9005,0.9443
757,75.7000,0.9187,0.9487
758,75.8000,0.9370,0.8421
759,75.9000,0.9562,0.8130
760,76.0000,0.9749,0.7827
761,76.1000,0.9852,0.7169
762,76.2000,0.9859,0.7216
763,76.3000,0.9829,0.8074
764,76.4000,0.9797,0.8978
765,76.5000,0.9844,0.8721
766,76.6000,0.9957,0.8294
767,76.7000,1.0049,0.8851
768,76.8000,1.0134,0.7754
769,76.9000,1.0047,0.7242
770,77.0000,1.0005,0.6554
771,77.1000,0.9932,0.6115
772,77.2000,0.9930,0.6993
773,77.3000,0.9836,0.7896
774,77.4000,0.9855,0.7472
775,77.5000,0.9893,1.0342
776,77.6000,1.0010,0.9385
777,77.7000,1.0125,0.8335
778,77.8000,1.0212,0.8609
779,77.9000,1.0284,0.7809
780,78.0000,1.0329,0.7491
781,78.1000,1.0298,0.7989
782,78.2000,1.0357,0.9012
783,78.3000,1.0340,0.9083
784,78.4000,1.0396,1.0694
785,78.5000,1.0417,0.9985
786,78.6000,1.0378,1.0473
787,78.7000,1.0235,0.8103
788,78.8000,1.0098,0.8280
789,78.9000,1.0025,0.9211
790,79.0000,1.0049,0.8036
791,79.1000,1.0099,0.7919
792,79.2000,1.0092,0.7644
793,79.3000,1.0110,0.7934
794,79.4000,1.0204,0.8935
795,79.5000,1.0326,0.9719
796,79.6000,1.0463,0.9079
797,79.7000,1.0473,1.0287
798,79.8000,1.0277,1.0336
799,79.9000,1.0263,1.0154
800,80.0000,1.0244,0.9937
801,80.1000,1.0156,0.8830
802,80.2000,1.0189,0.8335
803,80.3000,1.0179,0.8185
804,80.4000,1.0121,0.9550
805,80.5000,1.0078,0.9372
806,80.6000,1.0021,0.8010
807,80.7000,1.0003,0.9084
808,80.8000,1.0112,0.9419
809,80.9000,1.0151,0.8189
810,81.0000,0.9967,0.8160
811,81.1000,0.9839,0.8208
812,81.2000,0.9842,0.7621
813,81.3000,0.9748,0.7891
814,81.4000,0.9747,0.8229
815,81.5000,0.9767,0.9796
816,81.6000,0.9831,0.8528
817,81.7000,0.9934,0.8921
818,81.8000,0.9956,0.7699
819,81.9000,0.9927,0.7816
820,82.0000,0.9797,0.7339
821,82.1000,0.9771,0.6820
822,82.2000,0.9817,0.7960
823,82.3000,0.9958,0.7468
824,82.4000,0.9933,0.6749
825,82.5000,0.9965,0.6986
826,82.6000,1.0022,0.7289
827,82.7000,1.0006,0.7911
828,82.8000,1.0082,0.9197
829,82.9000,1.0102,0.8469
830,83.0000,1.0120,0.7871
831,83.1000,1.0230,0.9035
832,83.2000,1.0246,0.8352
833,83.3000,1.0245,0.6526
834,83.4000,1.0182,0.7368
835,83.5000,1.0213,0.6655
836,83.6000,1.0244,0.7265
837,83.7000,1.0312,0.8353
838,83.8000,1.0393,0.7761
839,83.9000,1.0344,0.7766
840,84.0000,1.0273,0.7361
841,84.1000,1.0353,0.7786
842,84.2000,1.0482,0.7172
843,84.3000,1.0573,0.6786
844,84.4000,1.0662,0.7698
845,84.5000,1.0642,0.8262
846,84.6000,1.0627,0.8519
847,84.7000,1.0641,0.7808
848,84.8000,1.0450,0.7696
849,84.9000,1.0205,0.7701
850,85.0000,1.0033,0.7819
851,85.1000,0.9953,0.6796
852,85.2000,0.9975,0.6950
853,85.3000,0.9871,0.7344
854,85.4000,0.9949,0.8464
855,85.5000,1.0109,0.9318
856,85.6000,1.0228,0.8862
857,85.7000,1.0226,0.8920
858,85.8000,1.0303,1.0344
859,85.9000,1.0325,0.9961
860,86.0000,1.0361,0.9380
861,86.1000,1.0323,0.9659
862,86.2000,1.0276,0.9525
863,86.3000,1.0231,0.8577
864,86.4000,1.0302,0.9634
865,86.5000,1.0297,0.8976
866,86.6000,1.0281,0.8450
867,86.7000,1.0422,0.8334
868,86.8000,1.0518,0.8782
869,86.9000,1.0382,0.8978
870,87.0000,1.0374,0.8903
871,87.1000,1.0330,0.8074
872,87.2000,1.0126,0.8311
873,87.3000,0.9978,0.9014
874,87.4000,0.9852,1.0378
875,87.5000,0.9857,1.0723
876,87.6000,0.9865,1.0960
877,87.7000,0.9872,1.0527
878,87.8000,0.9833,0.9780
879,87.9000,0.9719,1.0040
880,88.0000,0.9661,0.9952
881,88.1000,0.9720,0.7698
882,88.2000,0.9714,0.8163
883,88.3000,0.9776,0.8294
884,88.4000,0.9809,0.6031
885,88.5000,0.9804,0.8236
886,88.6000,0.9854,0.8134
887,88.7000,0.9895,0.8463
888,88.8000,0.9916,0.9196
889,88.9000,0.9872,0.9249
890,89.0000,0.9874,0.9607
891,89.1000,0.9943,0.8384
892,89.2000,0.9916,0.7738
893,89.3000,0.9909,0.7610
894,89.4000,0.9983,0.7077
895,89.5000,1.0048,0.6611
896,89.6000,1.0037,0.7806
897,89.7000,0.9953,0.8730
898,89.8000,0.9951,0.9269
899,89.9000,0.9986,0.7888
900,90.0000,1.0033,0.6816
901,90.1000,1.0049,0.5980
902,90.2000,1.0037,0.6842
903,90.3000,1.0058,0.7428
904,90.4000,1.0071,0.7165
905,90.5000,1.0035,0.7064
906,90.6000,0.9940,0.6561
907,90.7000,0.9877,0.7524
908,90.8000,0.9858,0.6933
909,90.9000,0.9985,0.7229
910,91.0000,1.0129,0.7154
911,91.1000,1.0294,0.7997
912,91.2000,1.0386,0.8803
913,91.3000,1.0380,0.8980
914,91.4000,1.0403,0.6742
915,91.5000,1.0344,0.7709
916,91.6000,1.0267,0.6660
917,91.7000,1.0262,0.6254
918,91.8000,1.0317,0.5142
919,91.9000,1.0366,0.5944
920,92.0000,1.0390,0.7740
921,92.1000,1.0418,0.6771
922,92.2000,1.0553,0.6752
923,92.3000,1.0551,0.5835
924,92.4000,1.0478,0.6318
925,92.5000,1.0433,0.5801
926,92.6000,1.0451,0.5860
927,92.7000,1.0432,0.5404
928,92.8000,1.0466,0.7078
929,92.9000,1.0406,0.5202
930,93.0000,1.0400,0.6357
931,93.1000,1.0354,0.6740
932,93.2000,1.0202,0.6753
933,93.3000,1.0109,0.7498
934,93.4000,1.0085,0.7558
935,93.5000,1.0129,0.8409
936,93.6000,1.0190,0.9214
937,93.7000,1.0300,0.8676
938,93.8000,1.0416,1.0072
939,93.9000,1.0433,0.8640
940,94.0000,1.0465,0.8385
941,94.1000,1.0446,0.8080
942,94.2000,1.0373,0.6627
943,94.3000,1.0332,0.6023
944,94.4000,1.0357,0.7934
945,94.5000,1.0268,0.7064
946,94.6000,1.0191,0.6116
947,94.7000,1.0091,0.4844
948,94.8000,0.9963,0.6309
949,94.9000,0.9976,0.7571
950,95.0000,1.0045,0.8728
951,95.1000,1.0099,0.9685
952,95.2000,1.0113,0.9373
953,95.3000,1.0121,0.9656
954,95.4000,1.0059,0.9273
955,95.5000,1.0060,1.0585
956,95.6000,1.0025,1.0902
957,95.7000,1.0076,0.8042
958,95.8000,1.0124,0.8954
959,95.9000,1.0131,0.9725
960,96.0000,1.0108,0.9497
961,96.1000,1.0076,1.0664
962,96.2000,1.0042,0.9779
963,96.3000,1.0115,1.0002
964,96.4000,1.0114,0.9662
965,96.5000,1.0241,0.9105
966,96.6000,1.0284,0.8722
967,96.7000,1.0219,0.8464
968,96.8000,1.0188,0.9097
969,96.9000,1.0076,1.1038
970,97.0000,1.0081,1.0700
971,97.1000,1.0195,0.8863
972,97.2000,1.0249,0.9403
973,97.3000,1.0297,0.9480
974,97.4000,1.0296,0.7878
975,97.5000,1.0158,0.9615
976,97.6000,1.0087,0.9724
977,97.7000,1.0025,0.9512
978,97.8000,0.9928,1.0092
979,97.9000,0.9904,1.0895
980,98.0000,0.9942,1.0030
981,98.1000,0.9970,1.0745
982,98.2000,1.0034,0.9923
983,98.3000,1.0044,0.9600
984,98.4000,1.0075,0.8668
985,98.5000,1.0000,1.0042
986,98.6000,0.9980,0.9761
987,98.7000,0.9930,0.9690
988,98.8000,0.9896,0.8649
989,98.9000,0.9825,0.9390
990,99.0000,0.9723,1.0072
991,99.1000,0.9639,1.1494
992,99.2000,0.9525,1.1179
993,99.3000,0.9459,0.9844
994,99.4000,0.9446,1.0214
995,99.5000,0.9433,1.0011
996,99.6000,0.9369,0.8940
997,99.7000,0.9392,1.1079
998,99.8000,0.9408,1.0706
999,99.9000,0.9428,1.0639
