frame,time,D20_OD1-R32_HH12,D20_OD2-R32_HH22,D16_OD1-R32_HH21,Y115_OH-R32_HH11,TRH_O2P-S272_OG,TRH_O4P-R265_HH21,TRH_O3P-R265_HE,E89_OE2-K55_NZ,E114_OE3-K36_NZ,TRH-F249,TRH-F255
1,1.0000,2.5962,2.3542,1.8622,2.9924,2.5984,1.9804,1.8782,3.0168,2.6800,3.7717,4.0059
2,2.0000,1.8416,1.9695,2.9708,3.3886,2.6739,2.0405,2.6506,2.6739,2.6884,3.6583,5.0652
3,3.0000,2.0170,2.2403,1.9785,4.4248,2.6872,2.3214,2.4276,2.9225,2.7922,4.2880,4.5412
4,4.0000,2.3317,2.0643,1.6743,4.0812,2.6107,1.8791,1.8662,2.9342,3.0118,3.7879,4.1651
5,5.0000,2.5735,2.1365,1.9854,3.1864,2.7440,1.8578,2.1406,2.6941,2.9118,3.7810,3.9228
6,6.0000,1.7656,2.0545,2.7940,2.3776,2.5173,1.8906,2.0115,2.9968,3.4070,3.7602,3.9635
7,7.0000,2.5019,1.8192,1.7607,3.0294,2.4830,1.8116,2.1286,3.0193,4.0899,4.0443,4.0157
8,8.0000,2.1855,2.4707,4.0208,2.8017,2.6791,2.0854,1.8282,2.7965,4.1965,3.4498,4.2253
9,9.0000,2.5557,1.9343,1.8422,2.9048,2.5624,1.8053,1.9226,2.8797,3.5943,3.8753,4.0795
10,10.0000,2.5710,2.2378,3.7688,3.3802,2.8419,1.8435,1.8126,3.6090,3.3184,3.5905,4.4685
11,11.0000,2.0536,2.0155,1.9381,3.9247,2.4231,1.7947,2.0754,4.2397,2.9044,6.8656,4.3228
12,12.0000,2.5481,1.9917,3.9440,3.0806,2.5705,1.9856,2.1556,3.2810,3.7505,3.8503,3.9502
13,13.0000,2.5914,2.2798,4.5771,2.9941,2.6279,1.8476,2.0470,3.4916,2.7811,3.6938,4.0436
14,14.0000,2.5458,2.0111,4.0289,3.1539,2.5931,1.9216,2.1807,3.8858,3.4081,4.1558,4.1337
15,15.0000,2.5492,2.5324,1.7719,2.8982,2.6658,1.9148,1.7564,4.0004,2.7837,4.0286,4.0425
16,16.0000,2.6193,2.0054,1.8650,4.6529,2.6823,1.9548,2.0358,4.3455,2.8467,4.0293,4.1742
17,17.0000,2.6262,1.8294,1.8452,2.8387,2.6235,1.7045,1.7198,4.2630,2.7002,3.8899,4.1349
18,18.0000,2.6124,2.4445,4.7092,3.4780,2.6036,1.9314,2.0291,3.7809,3.5729,3.9195,4.1355
19,19.0000,2.4039,2.3674,4.0191,2.9249,2.6240,2.0787,2.0763,3.5672,3.5639,3.7562,3.9896
20,20.0000,2.2995,1.8596,3.8577,2.8495,2.6969,1.7625,2.2248,3.8079,2.8878,3.4455,4.6195
21,21.0000,1.9494,1.7530,1.9795,2.9531,2.6508,1.6716,1.9417,3.9943,3.4237,5.7403,4.5151
22,22.0000,1.9056,1.7812,3.5891,3.1475,2.6367,1.7734,2.3133,4.2499,2.9366,3.6927,4.1713
23,23.0000,2.0207,2.1307,1.7725,3.0037,2.4876,1.8917,2.1946,3.4505,3.2926,3.9400,4.3101
24,24.0000,1.7696,1.9277,3.8929,3.3750,2.5239,1.8002,2.5288,4.1753,2.8126,4.8344,3.8252
25,25.0000,2.1899,1.7706,1.7638,2.8650,2.5010,1.7791,1.7941,3.9282,3.5162,3.9934,4.4274
26,26.0000,2.3950,2.0223,1.7846,3.1694,2.4537,1.7024,1.7447,3.7259,3.9014,3.7293,4.0095
27,27.0000,2.0116,1.9377,1.8909,3.2379,2.5154,1.6729,1.8347,4.4113,2.9051,3.6921,4.1582
28,28.0000,2.0349,1.7942,2.2629,3.2725,2.5591,1.7219,2.5737,3.8669,3.5171,3.8528,4.4659
29,29.0000,1.8696,1.8851,1.9081,2.5864,2.5565,1.7071,2.0631,3.4936,3.5423,3.7446,4.1931
30,30.0000,1.8799,1.8516,1.8308,3.1464,2.7456,2.0615,1.8129,3.5397,3.7269,3.7816,3.8796
31,31.0000,1.9393,1.9445,1.9085,2.8184,2.6204,1.8250,1.8588,3.7251,3.3976,3.9870,3.8336
32,32.0000,1.9282,1.6523,3.8548,3.3017,2.5895,1.7085,1.9868,4.0196,3.6006,4.0796,3.8911
33,33.0000,1.8401,1.8067,3.8159,2.6662,2.5569,1.6994,1.9634,3.4436,3.3274,3.8433,4.3321
34,34.0000,2.0043,2.1423,1.6228,2.8155,2.5778,1.9286,1.9598,3.4413,2.7368,3.6541,3.7620
35,35.0000,2.0045,1.9357,1.8712,4.5583,2.7230,1.7917,2.4085,3.9683,2.9072,4.0698,4.0490
36,36.0000,2.1649,1.7597,2.4742,3.3614,2.5309,1.6477,1.7147,4.1822,3.0079,3.8693,3.7644
37,37.0000,1.8309,1.7670,1.9092,4.4101,2.5293,1.6366,2.1364,2.8669,3.1593,3.7150,3.7964
38,38.0000,1.8743,1.7485,2.3997,2.7541,2.4911,1.7418,2.1073,4.0198,2.9101,4.1412,4.0963
39,39.0000,1.7963,1.8147,2.3715,3.2173,2.5438,1.8147,1.8774,3.6700,2.8164,3.8157,4.1689
40,40.0000,2.0496,1.7352,3.5468,3.6369,2.8832,1.6374,2.4376,4.5156,4.1091,4.3271,3.9877
41,41.0000,1.8622,1.8750,3.2975,3.6670,2.4806,1.7751,1.8578,3.9409,3.7253,3.8790,4.3843
42,42.0000,1.7256,1.8313,2.0512,2.8817,2.4549,1.9580,2.1623,3.7069,2.7994,3.4822,3.9499
43,43.0000,1.8453,1.8011,1.8041,3.1992,2.8148,1.8983,2.2978,3.4987,3.3427,3.9023,4.3271
44,44.0000,2.2006,1.7876,1.8827,3.1010,2.6496,1.7834,2.3804,3.5872,2.8563,3.5954,3.9519
45,45.0000,1.8406,1.9267,1.8552,2.7635,2.6541,1.7891,1.9333,3.4138,2.8256,3.7837,4.4579
46,46.0000,1.8659,1.8458,4.3210,2.5439,2.6042,1.9344,2.0018,3.6509,3.7610,3.7824,4.0584
47,47.0000,1.8938,2.0134,3.4513,2.7770,2.6233,1.7250,2.0214,4.1834,2.8809,4.1814,3.6963
48,48.0000,1.8724,1.7791,4.0721,3.3067,2.5728,1.8598,1.8673,4.0920,3.0791,3.8584,3.9304
49,49.0000,1.7613,1.9732,3.8943,3.6267,2.5443,1.8247,1.8399,3.8527,3.0812,3.7402,4.2502
50,50.0000,2.0241,1.8328,3.9826,3.4028,2.6160,1.9174,2.0873,4.1271,3.9477,3.8515,4.7282
51,51.0000,1.9687,2.0008,3.9243,3.3153,2.7305,1.7344,2.0213,3.8079,2.7528,3.5577,3.9706
52,52.0000,2.2185,1.8663,1.8352,3.0742,2.6160,1.6481,2.1260,3.5007,3.6546,4.0660,4.2858
53,53.0000,1.9911,1.9290,1.6616,3.1598,2.4963,1.7565,2.2476,3.3800,2.7917,3.7576,3.7306
54,54.0000,1.9310,1.8114,1.9882,3.0504,2.7372,1.5785,2.1610,3.8343,3.0250,3.5944,3.4352
55,55.0000,1.9510,1.8316,3.4083,3.0583,2.7141,1.6394,2.3326,4.1471,2.9368,3.7804,4.1930
56,56.0000,1.9081,1.9450,3.6033,2.7711,2.6115,1.7673,2.0295,3.0960,2.8034,3.8551,3.8917
57,57.0000,1.6894,1.8948,3.5211,2.2125,2.7429,1.7692,1.8773,3.9678,3.1220,4.0030,4.2219
58,58.0000,2.0263,1.7485,3.7105,2.9837,2.6717,1.6961,1.9865,4.0146,2.7714,3.4888,3.8202
59,59.0000,2.1848,1.8374,4.1391,3.1863,2.8392,1.7672,2.2537,4.2026,3.1931,3.6652,4.1556
60,60.0000,2.1104,1.7453,3.9618,3.1157,2.5917,1.8588,1.9653,3.3463,3.0265,3.9377,3.5972
61,61.0000,2.0726,1.7848,3.9086,3.0902,2.5861,1.7970,2.0089,3.6979,3.0984,3.9365,4.1633
62,62.0000,1.6444,1.7839,1.8626,2.2473,2.7493,1.7291,1.7428,3.8445,3.6360,3.8815,3.7303
63,63.0000,1.7964,1.7234,1.8735,2.6449,2.5660,1.7113,2.1305,3.9221,3.3833,3.6536,4.3114
64,64.0000,2.0513,1.8573,2.1875,2.9976,2.6645,1.7963,1.8153,4.5578,2.6615,3.8595,4.2952
65,65.0000,1.8728,1.8609,2.2259,3.0364,2.5343,1.7843,2.0618,3.8812,3.3961,4.0159,4.0463
66,66.0000,1.9239,1.9914,1.8644,3.1860,2.6187,1.9687,1.7622,3.7507,2.7824,3.6119,3.9633
67,67.0000,1.9049,1.8174,2.0570,2.7224,2.8313,2.0840,1.8441,4.0466,2.7700,3.5979,4.0773
68,68.0000,2.1281,1.8390,1.7810,2.6221,2.8867,1.9071,1.9598,4.1364,2.8127,3.9004,4.1021
69,69.0000,1.8208,1.9532,3.7664,2.8312,2.8288,1.7006,1.8620,3.9822,3.2822,3.8039,4.0986
70,70.0000,1.7827,1.7401,3.4726,2.9310,2.5204,1.8264,1.8275,3.8586,3.7077,3.5744,3.7580
71,71.0000,1.8792,2.1078,3.8268,3.3286,2.5211,1.8340,2.2591,3.6210,3.6045,3.5965,4.0695
72,72.0000,2.5524,2.3051,3.4555,3.1169,2.4992,1.8380,1.8532,3.3896,2.7575,3.9440,4.2948
73,73.0000,1.9616,1.9061,3.0891,3.1357,2.6860,1.6332,1.8164,3.5642,3.0768,4.1171,3.9256
74,74.0000,1.8009,1.7769,1.8100,3.1234,2.5767,1.8787,2.3085,3.9193,3.3054,3.5503,4.3127
75,75.0000,2.5236,1.7858,2.0922,2.9942,2.5743,1.7253,1.9065,3.4195,3.8026,3.4893,4.2921
76,76.0000,1.8925,1.9543,1.6993,2.9734,2.5919,1.7991,2.1055,4.2437,3.2142,3.8783,4.1313
77,77.0000,2.0821,2.0369,1.8581,3.1855,2.7027,1.7610,1.7480,3.8729,3.7955,3.8595,3.9818
78,78.0000,1.9914,2.0240,1.8727,3.3832,2.5762,1.7841,1.9772,3.8060,3.5480,4.2369,3.6918
79,79.0000,2.4061,1.9309,3.8255,3.5711,2.5341,1.5978,2.1618,3.3412,4.0019,3.9392,3.9466
80,80.0000,2.0031,1.7014,1.8973,2.9020,2.8019,1.8835,1.9566,3.8196,3.9654,3.8820,3.8820
81,81.0000,1.9373,1.8864,1.6943,2.7242,2.5520,1.6938,1.9650,3.7814,3.5340,3.7786,4.1678
82,82.0000,2.0793,1.8244,1.8221,2.8661,2.6216,1.9724,2.3022,3.4654,4.0546,3.9458,3.9238
83,83.0000,2.3474,1.7007,2.0359,3.2616,2.6611,1.8742,2.0284,3.9459,3.5927,4.3986,4.0937
84,84.0000,1.9658,1.9076,3.7936,2.7530,2.6312,1.7826,1.7646,4.0364,3.3994,4.1238,4.5329
85,85.0000,1.9841,1.9436,3.3770,3.2850,2.6641,1.7290,2.0073,4.4547,3.7400,3.5842,3.9955
86,86.0000,1.8542,1.8382,1.7077,2.7672,2.5405,1.7666,2.1914,3.3899,3.8480,3.7401,4.3184
87,87.0000,1.7225,1.8088,2.0215,3.2996,2.7186,1.7342,1.9073,4.4091,2.7071,3.9681,4.1571
88,88.0000,1.9118,1.8171,1.8164,3.0782,2.6409,1.8095,1.8893,3.9211,2.7925,3.5711,4.3164
89,89.0000,2.2683,1.7020,1.9711,2.7385,2.4838,1.8204,1.8558,3.9436,2.7250,3.7297,4.4419
90,90.0000,1.9015,1.9309,1.7906,2.8373,2.5203,1.6705,2.8779,4.0243,2.7600,3.4082,4.0115
91,91.0000,1.8438,1.8346,1.7428,2.5705,2.6377,1.7326,1.8842,3.5259,2.7304,3.5351,4.3569
92,92.0000,2.2284,1.8628,1.8237,2.5132,2.6219,1.7933,2.4000,3.6657,3.3590,4.0809,4.1381
93,93.0000,1.8038,1.9523,1.7823,3.0701,2.8304,1.8947,2.0589,3.5324,2.8064,4.1740,4.1792
94,94.0000,2.1044,1.7784,3.9547,2.7866,2.8122,1.8071,2.1431,3.4074,2.9859,4.0158,3.9431
95,95.0000,1.7168,2.0210,3.8760,3.0550,2.5793,1.7890,2.1347,3.9931,3.4738,3.9724,3.4721
96,96.0000,2.0357,1.8484,4.2335,3.0066,2.7791,1.8547,1.9496,3.6049,3.5064,4.1637,3.7759
97,97.0000,1.8335,1.8254,3.8101,2.8444,2.6761,1.7936,2.1473,3.6685,2.7658,3.7892,3.6817
98,98.0000,2.5336,2.1273,3.3956,3.0070,2.5553,1.8102,1.9179,4.1951,2.8141,4.2285,4.2514
99,99.0000,1.9835,1.8846,4.3310,3.1434,2.7810,1.7161,2.2539,3.3970,2.7999,3.6018,4.2132
100,100.0000,2.0838,1.8511,3.5879,3.3342,2.5265,1.8540,1.9521,3.7618,2.7343,3.9809,3.8356
101,101.0000,1.8187,1.8435,1.7705,2.6386,2.5962,1.7893,1.8724,3.9018,2.9779,4.0583,4.0833
102,102.0000,1.9743,2.0286,1.7481,2.9589,2.6440,1.7735,1.9895,3.8887,2.7174,3.8432,3.9718
103,103.0000,1.8930,1.7617,1.7464,2.6728,2.5998,1.8050,2.2683,3.5066,2.7885,4.2825,3.6842
104,104.0000,1.8922,1.7760,1.9286,2.7689,2.6792,1.7452,2.6724,3.8480,2.8423,3.7250,3.9904
105,105.0000,1.9528,1.7197,1.7050,2.7173,2.7194,1.6939,2.1926,4.0436,2.8902,3.8852,4.0733
106,106.0000,1.8842,1.7934,1.7125,2.8252,2.8591,1.7280,2.2482,3.4838,2.8203,3.5565,3.3916
107,107.0000,1.9203,1.6184,3.9199,2.8396,2.6751,1.7619,2.2235,3.8633,2.9102,3.9157,4.6865
108,108.0000,1.7191,1.9211,4.0097,2.7260,2.5958,1.6743,2.0649,3.0283,3.1737,3.8034,3.9327
109,109.0000,1.9840,1.7161,3.8209,2.6681,2.5978,2.1403,2.1217,3.9957,3.0081,3.5704,4.4197
110,110.0000,2.0683,1.7967,3.7728,2.6339,2.6632,1.8366,2.0811,3.6731,2.8103,3.5388,3.6980
111,111.0000,1.6883,1.7320,3.7378,2.8207,2.7908,1.8917,1.9698,3.3053,2.8781,4.2221,3.8237
112,112.0000,1.6750,1.9908,4.1398,2.8748,2.7382,1.7405,1.9447,3.9442,3.3142,4.1215,3.9624
113,113.0000,1.8397,1.6690,4.1353,2.6140,2.6658,1.8933,1.7530,3.3674,3.9208,4.1509,3.7720
114,114.0000,2.3869,1.7451,4.0745,2.6155,2.5508,1.6890,1.8886,4.4375,3.1241,4.4812,4.0649
115,115.0000,1.8565,1.8637,1.7660,3.0896,2.5713,1.7465,2.5180,4.1356,3.9328,3.7077,4.1920
116,116.0000,1.7886,1.7877,3.3087,2.2199,2.5432,1.9091,2.1716,3.8925,3.8986,3.9594,3.9554
117,117.0000,1.8322,1.7648,1.9890,2.8634,2.5123,1.6493,2.2407,3.3791,3.0533,3.8449,3.7278
118,118.0000,1.9290,1.7647,3.8543,2.8368,2.7013,1.7864,2.4795,3.9038,3.3905,4.2810,3.9978
119,119.0000,1.7950,1.6641,3.8256,3.0980,2.6171,1.6548,2.3516,3.7965,3.3688,4.1464,4.1039
120,120.0000,1.9856,1.8466,3.9026,2.9257,2.6461,1.8346,2.1458,3.7677,4.1724,4.1493,3.7683
121,121.0000,1.9976,1.8133,4.2504,3.1383,2.5998,1.8957,2.0310,3.6541,3.5351,4.1983,3.6372
122,122.0000,1.7490,1.8993,3.9451,2.7629,2.6392,1.8192,1.8939,4.3088,2.8198,4.3365,4.1893
123,123.0000,1.8924,1.7843,3.7536,2.5910,2.5444,1.7313,1.8117,4.0185,2.7034,3.9549,4.1246
124,124.0000,1.8923,1.7747,4.3194,3.0936,2.7007,1.7506,2.0634,4.0808,3.2445,3.9859,4.1987
125,125.0000,1.6286,1.7085,3.9989,3.2888,2.6139,1.7410,2.4100,4.4956,3.2573,3.9239,4.5028
126,126.0000,2.0429,1.8454,4.2493,2.7309,2.7697,1.7395,1.9713,3.8250,3.7689,4.1781,3.7507
127,127.0000,2.2228,1.9334,3.6961,2.8904,2.5912,1.7690,1.9172,3.9542,3.4490,4.3003,3.7735
128,128.0000,1.9489,1.7297,4.4630,3.0266,2.8033,1.8169,2.0025,4.0956,3.2296,3.5843,3.8704
129,129.0000,1.9367,1.7486,2.0049,3.5113,2.6567,1.8863,2.1936,4.4534,4.0195,4.0763,4.1561
130,130.0000,1.8322,1.9088,1.9972,3.0326,2.6887,1.7643,2.3185,4.0128,3.7147,3.9971,3.9153
131,131.0000,2.1057,1.7049,2.0830,3.8708,2.5593,2.0137,1.8531,3.9452,2.7642,4.0006,4.5072
132,132.0000,1.9717,1.7538,1.7640,2.8035,2.6465,1.7144,1.6946,4.0355,2.8562,4.9336,3.9209
133,133.0000,2.2583,1.7410,1.9548,3.0848,2.5926,1.7454,1.9014,3.8953,2.7315,3.9821,3.8211
134,134.0000,2.1449,1.7188,1.9607,3.1571,2.5817,1.8708,2.1217,3.4596,2.6806,3.9572,4.3629
135,135.0000,1.9645,1.8637,1.8188,2.7798,2.6563,1.7914,1.9796,4.0188,2.7791,4.1063,3.8213
136,136.0000,2.1746,1.7878,1.8308,3.0042,2.4500,2.0229,2.0369,4.1808,2.8245,4.0811,3.7564
137,137.0000,2.4974,1.7915,1.8993,2.9207,2.7614,1.6939,2.5916,4.5892,2.7164,4.2306,4.2131
138,138.0000,2.0514,1.7469,1.8851,2.6913,2.6927,1.9835,1.9896,3.8009,2.7959,3.9403,3.6028
139,139.0000,1.6668,1.8209,1.8998,2.7577,2.6469,1.9390,2.8925,3.1425,2.8758,4.2002,4.2310
140,140.0000,1.9915,1.8617,1.7908,2.6639,2.9682,1.7127,2.1333,3.3512,2.7261,4.3392,3.9452
141,141.0000,2.2687,1.9778,1.6677,2.7412,2.7861,1.8902,1.8503,3.4463,2.7126,3.7529,3.7552
142,142.0000,1.8773,1.7139,2.0828,2.4722,2.6300,1.7847,1.9925,3.9711,2.7421,3.9183,3.9139
143,143.0000,1.9135,1.7501,2.1139,3.0448,2.6485,1.7443,1.8568,4.3333,2.7525,4.0402,3.6410
144,144.0000,1.8493,1.6590,1.6923,2.9774,2.5820,1.7573,1.9110,3.9846,3.5908,3.8936,3.9315
145,145.0000,1.9470,1.7755,1.9448,2.6239,2.6521,1.8317,1.7598,3.9511,2.8899,3.8557,4.0403
146,146.0000,2.1829,1.9210,1.8900,2.8268,2.6357,1.8559,2.1029,4.1336,2.5722,4.0342,4.6133
147,147.0000,1.8925,1.8507,1.9991,2.5864,2.5452,1.7970,2.3098,3.9236,2.8452,3.6355,3.9162
148,148.0000,1.9432,1.8694,1.9368,3.0962,2.6127,1.7117,1.7980,3.9846,2.8299,3.7133,3.9211
149,149.0000,2.0127,1.8495,2.0387,2.9343,2.6715,1.7160,1.9332,3.5550,3.0786,4.3804,4.0119
150,150.0000,2.0386,1.8329,2.3478,3.1347,2.6582,1.6983,2.0111,3.9209,3.0435,3.7889,4.7953
151,151.0000,3.2092,1.8635,1.8867,3.1111,2.5956,1.9655,2.0904,3.9595,2.7707,5.1869,4.6779
152,152.0000,3.4452,2.6497,1.7844,3.3668,2.8421,1.9490,1.8162,3.4036,3.0159,3.6533,4.3618
153,153.0000,3.2892,2.1125,1.9481,3.0114,2.9498,1.9307,1.8348,3.8862,2.7001,4.0035,4.0990
154,154.0000,1.9296,1.8239,3.9508,2.5752,2.7276,1.8993,2.0679,3.8867,3.0057,4.0878,3.7004
155,155.0000,1.9578,1.5997,4.0948,3.3480,2.7030,2.0639,1.9927,3.8979,4.2338,3.6446,3.9238
156,156.0000,1.6950,1.7882,2.6662,2.7028,2.9581,2.1609,1.8751,3.9270,4.2362,3.9761,3.9570
157,157.0000,1.9843,1.6433,4.1102,2.7715,2.5757,1.8547,1.9192,3.8719,2.9248,3.7820,3.9117
158,158.0000,1.9185,1.8902,3.2420,3.1757,2.5697,1.8200,1.9365,3.8149,2.8365,3.6518,3.7170
159,159.0000,2.0548,1.8090,4.0593,2.4308,2.8049,1.7263,2.2533,3.6859,4.3122,4.0036,4.0029
160,160.0000,1.7168,1.8620,3.9387,2.9296,2.6685,1.8253,1.6928,4.0744,5.1139,3.7105,3.9073
161,161.0000,2.3094,2.0023,3.8767,2.5891,2.6030,1.7942,1.8745,4.1846,3.0621,3.9840,4.1663
162,162.0000,1.9449,1.7416,4.1338,2.8169,2.6894,1.7032,2.6077,3.9723,3.8184,3.8175,4.6820
163,163.0000,2.0973,1.8325,4.0898,3.5218,3.0508,1.7509,1.9412,3.6841,3.4666,3.9529,4.1555
164,164.0000,1.9071,1.6592,3.9104,2.9049,2.8757,1.7863,1.7948,4.1151,3.6897,3.8171,4.8757
165,165.0000,1.8687,1.7715,3.9467,3.1256,2.6838,1.7363,1.7954,3.9653,3.5632,4.2188,4.2475
166,166.0000,1.9340,1.8723,3.8545,3.0447,2.5700,1.7774,2.2574,4.1740,4.0679,3.7840,4.3232
167,167.0000,2.0097,1.9143,3.4991,3.0536,2.6488,1.8045,1.8261,3.9749,3.1500,3.9863,4.1616
168,168.0000,2.2710,1.8113,4.0075,2.8943,2.8434,1.8362,1.9060,3.9744,3.3717,3.9990,4.4980
169,169.0000,2.3297,1.8280,3.8255,3.2521,2.8186,1.6897,2.0668,4.4582,2.8426,4.3310,4.2540
170,170.0000,2.0495,1.7453,3.4178,2.8850,2.5997,1.7307,1.7757,4.2198,2.7372,4.8101,4.1597
171,171.0000,1.9559,1.8689,3.9601,2.6391,2.6696,1.6309,1.8436,3.7154,2.9772,3.6661,4.2895
172,172.0000,1.7555,1.9027,3.7690,2.6054,2.9631,1.7023,1.9208,4.2809,2.6830,3.8189,4.1720
173,173.0000,2.1148,1.7234,4.0791,2.9611,2.4930,1.7568,2.1945,3.6080,2.8144,4.1211,4.0769
174,174.0000,1.9642,1.7244,3.8927,3.1256,2.6458,1.6698,2.0275,2.9319,3.0315,3.4569,4.2312
175,175.0000,2.2104,1.6921,3.9234,2.9775,2.5673,1.7523,1.9342,4.0222,2.7082,3.8092,3.7053
176,176.0000,1.9356,1.7881,3.9984,3.2181,2.7235,1.7669,1.8751,3.0863,2.9981,4.1780,4.0968
177,177.0000,1.7562,1.9058,3.9911,2.7084,2.7891,1.7179,2.4083,3.7695,2.8734,3.9136,4.1588
178,178.0000,1.6456,1.7827,4.6477,2.7967,2.8146,1.9960,1.9203,4.0615,4.1987,4.2998,3.9702
179,179.0000,1.9781,1.7084,6.0851,3.2855,2.6321,1.6805,1.7292,4.3817,3.4957,3.7662,3.9346
180,180.0000,1.8201,2.0624,3.9657,3.0919,2.4879,1.7688,2.5233,4.2648,2.9233,3.9413,3.9898
181,181.0000,1.9030,1.6025,4.3827,2.6899,2.5588,1.7079,1.8430,4.3880,3.7413,4.3261,3.9177
182,182.0000,1.8492,1.7424,4.2201,3.1138,2.6520,1.9085,1.9403,4.2943,3.9288,4.4590,4.1201
183,183.0000,1.7751,1.7786,3.6550,2.7804,2.6010,1.6914,2.3732,3.6972,3.5047,4.1670,4.3263
184,184.0000,2.0813,1.7485,4.0844,2.8563,2.8387,1.7546,1.9979,4.1082,3.9815,3.7441,3.7559
185,185.0000,2.1223,1.7890,4.0183,2.7903,2.5666,1.7656,2.5607,4.1693,3.7010,4.0257,4.3311
186,186.0000,1.8235,1.7093,4.1300,2.9315,2.8691,1.9148,2.2579,4.1390,3.7486,3.7499,3.9524
187,187.0000,2.6147,1.7487,4.0272,2.9860,2.6111,1.8139,2.1847,4.1486,3.8972,3.8062,3.9858
188,188.0000,1.9857,1.8603,3.5968,2.6579,2.6522,1.7005,2.1328,3.4998,4.1018,3.9094,3.6318
189,189.0000,1.8929,1.6736,3.8555,3.0679,2.5328,1.7714,1.9113,4.3730,3.2342,3.7122,4.3459
190,190.0000,1.8013,1.7409,1.8298,3.0338,2.5883,1.7245,1.9552,4.1423,4.0357,4.1643,4.0155
191,191.0000,1.8677,1.8203,3.5711,3.0033,2.5957,1.8737,1.8425,3.7615,3.2184,4.2722,4.1739
192,192.0000,1.8958,2.0808,3.4704,2.5058,2.7376,1.7802,1.7886,4.1679,3.6845,3.8800,4.2933
193,193.0000,2.0613,1.9687,3.4932,3.0230,2.6211,1.7743,2.0675,3.8741,2.8143,4.1906,4.1276
194,194.0000,1.9225,2.1464,3.4222,3.1597,2.7118,1.6963,2.3023,4.0809,2.7307,3.8667,4.0657
195,195.0000,1.7463,1.8264,3.5920,2.7664,2.8545,1.7469,1.8235,3.7129,3.8564,3.6744,3.7576
196,196.0000,2.0617,1.8247,3.8285,2.9714,2.6165,1.6570,2.4686,4.2698,4.2360,4.3505,4.4753
197,197.0000,1.7479,1.6881,3.9261,3.0256,2.7382,1.9248,1.9990,4.0651,3.0669,4.0309,3.8707
198,198.0000,2.0408,1.8667,1.7759,2.6746,2.7361,1.8288,2.1965,3.6134,3.9938,3.9138,4.0386
199,199.0000,1.8327,1.8350,1.9264,3.1636,2.4735,1.7473,1.7416,4.3430,4.0841,3.9281,3.8642
200,200.0000,2.4194,2.0617,1.8808,2.6914,2.5307,1.7410,1.8689,3.4787,3.7627,4.4052,3.5175
201,201.0000,1.8322,1.8405,3.9239,3.1295,2.6063,1.7184,1.9298,3.6630,3.9699,3.9983,3.7299
202,202.0000,2.3149,1.6061,4.4292,2.7029,2.6432,1.8987,2.2697,3.6692,3.9517,3.7219,3.9483
203,203.0000,2.3517,1.7154,4.0987,3.1236,2.5658,1.7336,1.9895,3.8386,3.8221,4.4222,3.9245
204,204.0000,2.0319,1.9763,4.2391,2.8395,2.6944,1.7118,2.4732,4.1860,3.5279,3.9080,4.5333
205,205.0000,2.1535,1.8657,3.8580,2.6386,2.7818,1.8547,2.1092,4.0033,2.8169,3.7022,4.2521
206,206.0000,2.1431,2.0074,4.2033,3.1450,2.6735,1.8051,1.8552,3.9565,3.4442,3.8972,4.5583
207,207.0000,2.0483,1.8018,3.8520,2.7885,2.4988,1.7318,2.2176,3.7908,3.6265,4.0833,4.2264
208,208.0000,1.8543,1.6984,3.9204,2.9434,2.5446,1.8053,1.8255,3.5578,3.4731,4.2143,3.8427
209,209.0000,1.9710,2.0231,3.8405,2.5133,2.5983,1.6474,1.7432,3.8661,3.9029,3.7753,4.1489
210,210.0000,1.8662,1.9111,3.9063,3.1312,2.8585,1.7041,2.2332,4.4367,3.7727,3.9752,3.8785
211,211.0000,1.9159,1.8480,3.7369,2.5486,2.5944,1.7709,2.1584,4.3982,3.5169,3.8404,3.9745
212,212.0000,1.8288,1.8431,4.0999,3.1682,2.6496,1.6817,2.1237,4.1814,3.9539,3.4104,4.7555
213,213.0000,1.8093,1.7990,4.0996,2.7846,2.6249,1.7672,2.0132,4.3434,3.2843,3.8935,4.3885
214,214.0000,2.0564,2.0160,4.0015,3.0404,2.5689,1.9284,1.8085,4.1657,3.7518,4.0749,3.9007
215,215.0000,1.7780,1.8236,4.7584,3.0627,2.8297,1.8685,1.9901,6.4538,3.5597,3.8917,3.7815
216,216.0000,2.0151,2.2474,4.1617,2.8164,2.6357,1.7090,2.2367,7.5812,3.9663,3.7548,4.1760
217,217.0000,2.0977,1.9996,3.9112,2.8712,2.5310,1.8456,2.2263,8.2011,3.8259,4.0885,4.0442
218,218.0000,1.7109,1.7279,4.0158,2.5842,2.5592,1.8061,1.8233,8.0872,3.7016,3.7968,4.2200
219,219.0000,2.0249,1.9084,3.9332,2.6534,2.4242,1.8291,1.9319,8.1994,3.5919,3.9637,4.2592
220,220.0000,1.9446,1.7050,4.2955,2.5145,2.6490,1.7168,2.1894,7.8138,4.0503,3.8749,3.4769
221,221.0000,1.8978,1.6829,3.8486,3.0550,2.5467,1.7480,1.8875,8.2480,4.1436,4.0115,4.7755
222,222.0000,2.0015,1.6651,4.0556,2.9341,2.5706,1.7285,1.9609,8.0563,2.6558,3.8095,3.8527
223,223.0000,2.0899,1.8888,4.1676,2.5005,2.6118,1.8341,2.0836,8.6063,2.7174,4.1442,4.1670
224,224.0000,1.9227,1.7078,3.8480,2.9553,2.6802,1.7313,1.7640,7.6906,3.8563,4.0155,3.8103
225,225.0000,1.9233,1.8910,1.8894,2.8556,2.7299,1.7339,1.9478,7.7579,4.9552,3.6122,3.8613
226,226.0000,1.8560,1.8510,2.4492,2.5275,2.5044,1.8460,2.0260,8.1374,2.8675,4.1265,3.5621
227,227.0000,1.7529,1.7740,2.0619,3.1369,2.5262,1.8871,2.1479,7.8420,2.6768,4.1725,3.8589
228,228.0000,1.8083,1.8977,1.9407,3.2001,2.5571,1.7396,2.0650,8.8139,2.7064,3.9957,3.9208
229,229.0000,1.9317,1.8907,1.9028,2.6608,2.4305,1.6872,2.1698,8.7552,2.7619,3.6322,4.1962
230,230.0000,1.8703,1.7516,1.7844,2.8266,2.7685,1.7000,1.9167,8.3530,2.8278,3.9273,3.5971
231,231.0000,2.3218,1.7882,4.0297,2.5923,2.6561,1.8266,2.1270,10.3537,2.6756,3.5226,4.2369
232,232.0000,1.7792,1.7285,4.0820,2.7746,2.7342,2.0480,1.8988,5.6379,2.7230,3.5410,3.8845
233,233.0000,2.1551,1.9756,3.6899,2.9546,2.3732,1.7697,1.8918,7.6364,2.7093,4.1108,3.8322
234,234.0000,2.0056,1.6649,3.8665,3.0821,2.6819,1.7825,2.0966,7.6326,2.7436,3.9779,3.9049
235,235.0000,2.0230,1.8066,4.0679,2.8216,2.5900,1.8320,1.7268,10.4787,2.8527,4.1858,3.6255
236,236.0000,1.8979,1.7484,4.0975,3.1483,2.8142,1.9445,1.7284,11.7672,3.2425,3.9159,4.1317
237,237.0000,2.2600,1.7701,1.9738,2.8506,2.7966,1.8219,1.9807,12.6345,3.4603,4.8892,3.8239
238,238.0000,1.8333,1.7529,2.3537,2.6423,2.5494,1.7105,2.1966,9.5222,3.3778,4.2273,3.6482
239,239.0000,2.0891,1.9772,1.9357,2.7506,2.5332,1.8139,1.7981,7.2392,2.7790,3.7099,4.4001
240,240.0000,1.7670,1.7111,1.8502,2.7121,2.5818,1.8917,2.2309,7.2628,2.9727,3.7574,3.8266
241,241.0000,2.0909,1.8722,1.7446,1.8726,2.5738,1.9352,1.9664,7.9145,3.1750,3.7575,4.2442
242,242.0000,1.9097,1.9196,2.1615,1.8816,2.4321,1.8290,2.6242,7.8173,3.1403,4.1876,3.7253
243,243.0000,1.6763,1.9857,1.8682,4.1844,2.5152,1.9203,2.1235,6.8403,2.9903,3.8992,4.0003
244,244.0000,1.6684,1.8477,1.8201,2.0717,2.7427,2.0763,2.3929,6.7211,3.4339,3.8576,4.0921
245,245.0000,1.8450,1.6077,1.8390,2.2297,2.4862,1.7698,2.1501,8.7736,3.3276,3.9548,4.3193
246,246.0000,1.9432,2.0740,2.3327,2.7549,2.7495,1.7566,1.8249,6.3660,3.5266,3.9068,4.4737
247,247.0000,1.7932,1.9742,1.8835,2.8320,2.4648,1.9267,1.6586,6.9191,2.7469,4.1105,4.4463
248,248.0000,1.9036,1.7711,1.7814,3.1455,2.5804,1.7711,1.9441,6.4495,2.8875,3.7322,4.4247
249,249.0000,1.7929,1.7546,1.8360,2.8268,2.8017,1.7325,1.8610,6.1400,2.6166,3.7912,4.6763
250,250.0000,1.6719,1.8177,2.1461,2.3022,2.7614,1.6600,2.1256,5.5143,2.8088,3.5359,3.9003
251,251.0000,1.8478,1.7627,4.1600,2.9414,2.5932,1.7714,2.0784,5.4637,3.0866,3.9390,3.9469
252,252.0000,2.0741,1.6958,4.4650,4.2869,2.6596,1.6988,1.7743,6.8738,2.8481,3.6490,4.2152
253,253.0000,1.7604,1.8612,4.0365,2.9341,2.5315,1.8897,2.2166,6.5760,2.6441,4.5993,3.7462
254,254.0000,2.0594,1.8586,4.0730,5.7455,2.7140,1.7507,1.9376,6.4940,2.7541,4.0634,3.8304
255,255.0000,2.1832,1.7585,3.8924,6.5680,2.6317,1.9391,1.9256,6.0520,3.0680,3.6695,3.9508
256,256.0000,1.7021,1.7659,3.8804,2.2355,2.6271,1.8209,1.8182,6.3214,3.3959,3.9262,3.6757
257,257.0000,1.7312,1.7973,4.1924,2.0318,2.6897,1.8757,2.4748,5.7814,2.7452,3.7280,3.5901
258,258.0000,1.8860,2.1324,3.8557,2.0291,2.7583,1.7869,2.3191,5.3608,2.7242,3.8990,4.2385
259,259.0000,1.8430,1.6624,3.9175,1.9984,2.5151,1.9037,1.9782,5.7936,3.1753,4.0646,4.4034
260,260.0000,1.7709,1.8224,3.7512,3.4286,2.6526,1.7520,2.0567,5.9871,2.7737,3.5015,4.1704
261,261.0000,1.7857,1.9269,3.7736,2.4259,2.5908,1.7656,2.0581,5.2880,2.8566,4.3129,4.1604
262,262.0000,1.8072,2.0066,1.8171,3.2278,2.5336,1.8550,1.8650,5.6674,2.8686,4.0119,4.7114
263,263.0000,1.8049,1.8434,1.7461,4.1199,2.7041,1.6356,2.7100,6.0029,2.8437,4.2086,3.8366
264,264.0000,1.7883,1.7358,2.0230,2.9598,2.7754,1.7270,2.1154,6.0092,2.6085,3.9269,4.1237
265,265.0000,1.8688,2.1210,1.7509,3.1922,2.5346,1.8055,2.1469,6.1542,2.9878,3.8472,3.5888
266,266.0000,1.9051,1.8148,2.0211,2.2401,2.6100,1.8178,1.7999,5.4322,3.5730,3.7611,4.0726
267,267.0000,1.9295,1.9091,1.8910,2.4476,2.5852,1.9610,1.9115,5.7247,3.7595,3.6407,3.9465
268,268.0000,1.7413,1.9044,1.8983,3.1022,2.6105,1.6590,2.4440,5.4619,3.2178,3.9567,4.1671
269,269.0000,1.8114,1.6312,1.8913,1.9199,2.6036,1.7087,2.5817,6.5933,4.1776,3.7925,4.0453
270,270.0000,1.7236,1.8739,1.7946,2.4212,2.8948,1.7744,2.1515,5.4354,3.6775,3.7697,4.7631
271,271.0000,1.8895,1.7621,3.4555,2.9980,2.6188,1.7890,1.8253,7.8330,3.2100,3.7158,3.8137
272,272.0000,2.0202,1.7756,4.1595,2.9230,2.6216,1.8368,1.9086,6.9852,2.8227,4.1648,3.8285
273,273.0000,1.7339,1.9434,1.7392,3.3861,2.6222,1.7127,1.9579,6.7397,3.4676,4.5267,4.0014
274,274.0000,1.8485,1.8187,1.8465,2.1952,2.8160,1.8324,1.9092,7.3023,3.0703,3.7523,3.9063
275,275.0000,1.7620,1.8385,1.7788,2.1004,2.5631,1.8579,2.1266,7.3717,2.9899,3.7153,3.6007
276,276.0000,1.8933,1.8764,3.5043,4.4304,2.5600,1.8397,2.1761,6.8979,3.3279,3.6440,4.1621
277,277.0000,1.6810,1.9032,3.5883,2.7528,2.6814,1.8529,2.0272,7.6259,2.9227,4.1116,3.9419
278,278.0000,2.2548,2.1848,3.3711,4.3634,2.7636,1.7778,2.1838,7.4147,2.6314,4.1289,3.9664
279,279.0000,3.0023,2.5829,1.7509,3.6716,2.5812,1.8057,1.9353,7.5751,2.8712,4.1625,3.9885
280,280.0000,2.1609,3.1392,1.9555,3.2639,2.5935,1.8829,1.9876,7.3422,2.6386,4.3835,4.3422
281,281.0000,2.5589,2.9323,2.1230,2.3064,2.5006,1.7583,1.7559,7.8906,2.6787,4.3471,3.5600
282,282.0000,2.8451,2.7051,3.2132,2.1882,2.6238,1.7576,2.2078,7.3081,2.8398,3.9765,3.9087
283,283.0000,2.9081,2.3781,4.0474,3.3259,2.7049,1.7391,1.8234,7.3496,3.6740,3.7593,3.6691
284,284.0000,3.0713,2.4103,3.7262,4.1616,2.7269,1.8678,2.3425,7.2086,3.1972,3.6423,3.8046
285,285.0000,2.6763,2.9521,4.0064,4.2852,2.7619,1.6975,2.3624,9.0166,2.7766,4.0331,4.5255
286,286.0000,2.5885,2.8204,4.0036,4.2033,2.7091,2.0071,2.6686,6.9580,2.8446,4.2291,4.0982
287,287.0000,2.3869,2.6741,3.9860,4.4515,2.7897,1.8076,2.0793,7.0046,2.7555,3.8564,4.4895
288,288.0000,2.3833,3.1170,4.0473,2.9404,2.8709,1.6986,2.0080,7.0940,2.6907,3.9013,4.6923
289,289.0000,2.6034,2.7963,3.3604,3.0794,2.6972,1.8178,1.9031,7.6961,3.8259,6.1431,4.1547
290,290.0000,2.4531,3.0167,3.5270,2.9746,2.5989,1.8177,2.3858,6.8527,3.1507,7.7901,3.7940
291,291.0000,2.1588,3.1445,3.8449,2.6620,2.7232,1.7199,1.9821,7.3049,2.8243,3.8578,3.7621
292,292.0000,2.6099,2.8698,4.0720,2.9121,2.5947,1.6910,1.8873,7.3017,3.1100,4.0838,3.6990
293,293.0000,2.1536,3.2116,3.5400,2.8076,2.8684,1.7026,1.9314,7.1224,3.5071,3.5272,4.3243
294,294.0000,2.5956,2.8575,3.6103,2.9519,2.5696,1.8521,1.8469,7.0487,3.6074,3.6220,4.5280
295,295.0000,1.8917,3.3175,3.8185,2.5401,2.5922,1.8680,2.1253,7.6063,3.6133,3.7578,4.2961
296,296.0000,2.3416,2.8640,3.6747,3.0264,2.7079,1.7446,1.7898,6.1443,2.6725,3.5052,4.7089
297,297.0000,2.4532,3.0298,1.7105,3.1544,2.7730,1.9588,2.0810,5.7089,2.7747,3.7711,4.1333
298,298.0000,1.9398,3.4471,1.7534,2.8642,2.6157,1.7221,2.2395,6.3916,2.5815,3.6971,4.0813
299,299.0000,1.8330,3.2212,2.8772,2.4760,2.7090,1.7466,2.5277,5.8186,2.7446,3.6290,4.1505
300,300.0000,2.1634,3.1846,3.9750,2.9281,2.6636,1.8881,1.9088,5.2916,2.6219,3.7313,4.5784
301,301.0000,3.1134,2.3977,3.8203,1.9857,2.5985,1.9952,3.2647,5.2790,2.7599,3.8379,3.9201
302,302.0000,2.2319,3.2441,4.1670,3.1769,2.6383,1.6574,2.0996,6.1744,4.1538,4.2522,4.3437
303,303.0000,2.1393,3.0624,4.0428,2.7853,2.6928,1.6617,2.2670,5.5870,2.8373,3.6044,4.2936
304,304.0000,2.0349,3.9446,2.8616,5.0160,2.6380,1.8616,1.9724,6.8688,2.7529,3.9594,4.1361
305,305.0000,2.3909,3.1116,4.1200,4.0821,2.5591,2.0059,1.8863,5.4113,2.9192,3.8964,4.0885
306,306.0000,2.7415,3.0057,3.8349,4.3077,2.6771,1.9107,1.9953,8.4383,2.7887,4.0073,3.9435
307,307.0000,2.6746,2.7446,3.9816,3.8121,2.6377,1.8105,2.0037,6.8374,2.7486,3.6941,4.0505
308,308.0000,2.1641,3.1953,3.7457,4.7749,2.3995,1.7517,1.9306,6.5869,3.0675,3.5997,5.2058
309,309.0000,2.1684,3.3717,4.2480,5.3517,2.7558,1.6598,2.0905,5.9645,2.6153,3.7263,4.2801
310,310.0000,2.9708,2.5810,4.0256,3.6622,2.5129,1.8532,2.1332,5.4757,2.7385,4.1586,4.2452
311,311.0000,2.7050,2.8770,1.8544,4.3542,2.6565,1.7988,1.6449,6.7891,2.6398,3.8609,4.1980
312,312.0000,2.6210,3.1215,1.9515,3.7632,2.6058,1.7440,1.9701,5.6970,2.9242,3.8648,4.1163
313,313.0000,2.5334,3.0999,1.9452,5.6289,2.7346,1.7888,1.7780,4.8194,2.8376,4.0281,3.8322
314,314.0000,2.8074,2.9642,1.8483,4.6989,2.6203,1.9933,1.8174,5.3852,2.6738,4.0453,4.2719
315,315.0000,2.6035,3.0301,1.8260,4.9824,2.5741,1.7136,2.2442,5.5910,2.6256,4.0342,3.7329
316,316.0000,2.5292,3.0202,2.2169,5.0359,2.6558,1.7213,1.9653,5.5016,2.8189,4.4848,4.1324
317,317.0000,2.4961,2.9044,1.9318,5.0058,2.6442,1.8290,1.9701,5.4576,2.7207,4.0177,3.7810
318,318.0000,2.8774,2.6761,2.4193,3.5199,2.6891,1.8742,2.3551,5.2359,2.9244,4.3012,3.8305
319,319.0000,2.2936,2.9912,1.9867,4.9144,2.9274,1.8659,2.2222,5.3719,2.9301,3.9927,4.4291
320,320.0000,2.4179,3.2883,1.7208,4.6184,2.9706,1.8182,2.4688,5.7084,3.9396,4.0646,5.1221
321,321.0000,2.8817,2.6935,2.2802,5.3945,2.6209,1.8639,1.8814,5.6833,2.7455,4.0064,4.3141
322,322.0000,2.3438,2.9050,1.9619,4.1279,2.9886,1.9060,2.4100,5.4353,3.2040,4.5907,4.4149
323,323.0000,2.3782,2.9150,1.7801,4.1248,2.7290,1.7324,1.9123,8.5640,2.8602,3.7753,4.0181
324,324.0000,1.9241,3.3322,2.0355,4.9196,2.5413,1.9201,2.2088,6.2839,2.9589,3.6422,4.1134
325,325.0000,2.9111,2.3710,2.1038,3.6501,2.6989,1.7906,2.0818,5.8819,3.1915,4.7726,4.8821
326,326.0000,2.0308,3.2326,1.7608,4.7594,2.5620,2.2863,2.0502,5.6114,2.7785,4.1163,4.1334
327,327.0000,2.5516,2.9973,4.0839,4.5322,2.5650,1.7430,2.0572,5.3143,2.8025,3.8384,4.1965
328,328.0000,3.5402,2.0857,4.4216,3.3123,2.7153,1.5920,2.0281,5.9251,2.9903,3.7744,4.1950
329,329.0000,2.4156,3.0981,4.0127,3.4750,2.7472,1.9283,1.9838,5.5087,3.0071,3.5106,4.4192
330,330.0000,1.9917,3.1850,3.7428,6.0544,2.7626,1.7047,2.0374,5.3417,3.1005,3.7590,4.0709
331,331.0000,2.1174,3.4706,3.6738,5.3579,2.6345,1.7727,2.0281,5.3682,3.0608,3.5258,4.3966
332,332.0000,2.2758,3.3719,4.2521,3.8667,2.6179,1.8216,2.0257,5.4511,3.1611,3.7700,3.9174
333,333.0000,2.7879,2.7990,4.2333,4.3976,2.6540,1.9150,1.8121,5.6399,3.5327,3.7259,4.4914
334,334.0000,2.1827,3.3020,4.3340,5.2625,2.8725,1.8825,2.2205,6.3151,2.9441,3.8412,4.4126
335,335.0000,2.1967,2.1535,4.0601,5.3090,2.7431,1.8015,2.2000,5.8633,2.9149,4.0617,3.9717
336,336.0000,2.8172,1.8686,4.2385,4.3380,2.8206,1.8042,1.9289,5.4276,2.7110,3.7709,3.9088
337,337.0000,1.7302,3.3561,3.8440,5.2128,2.7232,1.7219,2.1572,5.8675,2.9482,4.0270,3.9438
338,338.0000,2.0977,4.1588,3.5488,5.0117,2.6738,1.8857,1.9067,7.1388,2.9196,3.7821,4.5439
339,339.0000,2.5804,3.3857,2.0704,4.2647,2.8911,1.8904,1.8340,7.3375,2.8407,3.4460,3.7686
340,340.0000,3.1354,2.9761,1.9227,5.0895,2.7049,1.8087,2.0205,9.5814,2.6986,3.9405,3.6025
341,341.0000,1.8430,3.3501,2.1762,4.6550,2.8300,2.1181,2.3183,9.6688,2.7641,4.0460,4.2227
342,342.0000,2.0941,3.6884,2.2008,5.2499,2.6017,1.7642,1.8184,11.8411,2.8990,4.3145,3.8953
343,343.0000,3.0759,2.9807,1.9030,4.1504,2.6517,1.8101,2.2541,9.1726,2.8170,3.9850,4.3480
344,344.0000,2.4118,2.2508,1.7689,5.3856,2.5098,2.1380,2.1626,5.8537,3.3098,3.7243,3.8700
345,345.0000,2.9602,2.9198,1.8146,5.3659,2.6021,2.0006,1.9551,5.8841,3.7488,4.0710,4.2219
346,346.0000,2.9246,2.6630,1.8277,4.9469,2.9398,1.7940,2.0647,6.6401,3.8339,3.9383,3.7910
347,347.0000,3.1221,3.0623,2.1629,4.9823,2.6797,1.7750,1.9303,6.9313,3.8389,3.9710,3.8487
348,348.0000,3.2882,2.8431,2.0882,5.0809,2.6625,2.2307,2.0952,7.3565,3.4979,3.7663,3.8215
349,349.0000,3.1798,2.7155,2.0982,4.8182,2.5447,2.0522,2.1853,10.8997,3.8195,3.6143,3.9760
350,350.0000,2.0510,2.9625,1.8326,4.9313,2.6779,2.1071,1.8852,7.5466,3.3593,3.7175,4.1755
351,351.0000,1.8220,3.4794,1.9024,4.9610,3.0714,1.9512,1.9523,9.1312,4.1759,3.8855,3.8233
352,352.0000,2.5912,2.3398,1.8075,5.4603,2.4754,2.0062,2.2579,11.8799,2.7877,3.8273,4.5035
353,353.0000,3.3668,2.5733,2.2234,5.2125,2.5110,1.9343,2.4752,7.9697,3.0798,4.1460,3.7807
354,354.0000,1.8454,3.4826,1.8852,4.5981,2.6234,1.6993,2.1082,7.4765,3.2111,4.2268,5.0376
355,355.0000,1.8554,3.6546,1.6637,5.2963,2.6236,1.8724,2.8955,8.5003,2.9198,3.9749,5.1555
356,356.0000,1.8932,3.3203,1.8989,4.9817,2.7503,1.9629,2.1200,11.7680,3.7228,3.4606,4.2816
357,357.0000,1.9135,3.7557,1.8396,4.7824,3.0068,1.8433,1.9076,8.1421,3.1072,3.7139,5.2624
358,358.0000,1.7259,3.1712,1.9751,4.5987,2.7159,1.7584,1.9085,13.3890,2.6747,3.5006,4.6507
359,359.0000,1.6304,3.3869,1.9424,5.0260,2.6777,1.9033,1.9708,9.8476,4.7137,3.7601,4.3020
360,360.0000,1.8264,3.1505,1.8115,4.5197,2.7077,1.9252,2.3361,9.1339,3.0006,3.8440,4.7815
361,361.0000,3.1371,3.1042,2.4092,4.1616,2.7504,2.0765,2.1816,8.2987,3.2167,4.0321,5.0468
362,362.0000,2.3588,3.7457,1.9031,4.9357,2.6041,1.7337,2.4252,7.3745,2.7740,4.0218,4.8868
363,363.0000,1.6204,3.9014,1.7234,4.8928,2.8962,2.0644,2.0278,10.3852,2.9044,3.8336,4.9923
364,364.0000,3.2668,2.9477,1.9939,4.0283,2.7129,1.7446,2.0170,7.0416,2.7528,4.1590,4.5588
365,365.0000,2.6537,2.4546,2.0132,4.0640,2.7670,2.0734,2.0241,7.4230,3.5551,3.6304,4.7411
366,366.0000,1.7152,2.0152,1.7728,4.6067,2.6943,1.7395,1.8317,6.1511,2.7214,3.9281,4.7787
367,367.0000,3.2208,2.6778,1.8877,4.9366,2.6493,1.6729,1.9132,6.0057,2.7868,3.7672,4.5945
368,368.0000,3.0680,3.4287,1.7489,5.5256,2.5917,1.8808,2.1777,8.6963,3.4157,3.7591,4.9430
369,369.0000,2.6252,3.0956,1.7887,5.7986,2.9477,1.6991,2.4161,6.4065,3.7550,3.9447,4.1859
370,370.0000,3.3207,2.4156,1.7248,5.2146,2.8305,1.8671,2.1160,7.9917,2.9353,3.6052,4.6103
371,371.0000,2.4533,3.2461,1.7237,4.5799,2.7270,1.6549,2.0778,5.6336,3.0318,3.6547,4.4145
372,372.0000,2.9796,2.8922,1.7081,5.5991,2.6834,1.9913,1.8856,10.4046,2.7771,3.7394,4.7068
373,373.0000,1.9430,3.5411,2.0686,5.3105,3.0815,1.9386,1.6637,7.2865,3.3725,3.7481,4.3457
374,374.0000,3.4998,3.2102,3.1798,5.4321,2.5743,1.8504,2.2806,5.0876,3.0662,3.5679,5.5438
375,375.0000,2.5113,3.4647,1.8625,5.2757,2.6906,1.7862,1.8172,6.2505,2.7732,3.8658,4.5831
376,376.0000,2.1602,3.3254,2.0153,4.9599,2.6390,1.6793,2.3691,10.5935,2.8717,3.8497,5.1978
377,377.0000,1.7557,3.4325,1.7745,5.0793,2.6435,1.7478,1.8773,6.3327,2.7964,3.4969,4.4490
378,378.0000,1.7661,3.7662,1.8698,5.2851,2.7655,1.8670,1.7831,6.6244,2.7667,3.6807,4.3081
379,379.0000,2.9157,2.4120,1.7303,5.3150,2.6498,1.7349,2.5104,8.2029,3.0094,3.4900,4.2357
380,380.0000,2.3704,3.1354,1.7634,4.1830,2.5474,1.7132,1.8146,6.7789,3.1616,4.2501,4.4485
381,381.0000,2.6696,2.6334,1.8382,5.1354,2.6682,1.6652,1.7614,9.2834,4.3497,4.0510,3.9435
382,382.0000,2.5643,2.5989,1.8752,5.4505,2.6394,1.6962,1.9425,9.1497,4.4893,3.5827,3.9597
383,383.0000,2.8223,2.3868,2.7932,4.6063,2.5692,1.7447,1.9716,6.3221,4.0362,3.9717,3.6573
384,384.0000,2.5267,3.1077,1.8599,4.6470,2.5341,1.8380,1.9798,6.0610,2.6890,4.1209,3.7927
385,385.0000,3.0690,2.2080,3.3426,5.7871,2.6527,1.8649,2.1345,11.1156,3.7735,4.0875,3.7043
386,386.0000,2.6612,2.5746,1.9421,5.3516,2.6507,1.8201,1.9857,6.3093,3.8850,4.3014,4.2843
387,387.0000,3.0689,2.4810,2.1055,4.9262,2.8456,1.8925,2.0865,6.1946,3.9022,3.7145,4.4663
388,388.0000,2.5932,3.0604,1.7779,4.9021,2.7111,1.7343,1.8418,6.3916,4.2764,4.2293,4.0991
389,389.0000,2.9579,2.5168,2.1467,4.9060,2.8088,1.8953,2.1117,6.0553,3.5417,3.7165,4.1581
390,390.0000,2.6560,2.6388,2.3439,5.4951,2.7511,1.8302,1.9978,8.2943,3.8833,3.8572,4.7107
391,391.0000,2.5376,2.7139,1.8924,5.1687,2.7613,1.7846,2.1604,5.6453,3.4565,3.4425,3.9104
392,392.0000,2.6232,2.7964,3.5357,4.5500,2.5610,1.8693,1.7766,5.9077,3.6974,4.1730,4.1842
393,393.0000,2.7032,2.9157,4.2414,4.5658,2.5791,2.0233,1.9500,6.7608,4.0089,3.6940,4.3261
394,394.0000,2.8238,2.4909,3.7695,4.1686,2.9819,1.6669,1.9817,6.1605,4.0752,3.9124,4.2829
395,395.0000,2.9359,2.8291,1.7542,5.0685,2.7292,1.8270,1.8829,6.6240,3.6986,3.7657,4.2782
396,396.0000,2.9376,2.7441,2.0536,4.2369,2.6617,1.8653,1.7527,6.4098,3.6428,4.4074,4.3544
397,397.0000,3.1977,2.6445,1.9671,4.1025,3.1679,1.7255,2.1493,6.2180,3.8423,4.1754,4.1473
398,398.0000,2.7672,2.7799,2.8755,4.3928,2.7249,1.7243,1.9188,8.5081,3.9222,3.6994,4.2838
399,399.0000,2.7103,2.9968,2.0706,4.3814,2.6992,1.7416,2.3545,6.2994,3.9656,4.2231,4.8856
400,400.0000,2.7440,2.1005,2.0630,4.4060,2.5915,1.8542,1.8290,6.5642,4.1226,4.0247,4.7100
401,401.0000,2.2714,3.0857,2.8481,2.2462,2.7898,1.7082,1.9496,8.1123,3.5241,4.3145,4.1311
402,402.0000,1.9060,3.5599,3.9734,3.9367,2.5352,1.7643,1.8914,9.6082,4.2486,3.6262,4.3502
403,403.0000,2.3335,3.0780,3.5546,3.3262,2.7868,1.8057,1.8373,7.7489,3.8521,3.8506,3.9465
404,404.0000,3.0188,2.4467,3.5302,1.9101,2.7116,1.7664,1.9652,10.6534,4.0163,3.9096,3.6899
405,405.0000,2.4441,2.9762,3.7041,1.9086,2.8706,1.8572,1.8120,7.7209,2.8712,4.1187,4.2384
406,406.0000,2.6547,2.9086,3.5453,2.2156,2.8115,1.8702,2.1243,13.2478,2.8449,3.8203,4.3572
407,407.0000,2.9350,2.3695,3.7759,2.2317,2.5915,1.9795,2.0741,13.0258,4.2001,3.8708,4.0272
408,408.0000,3.1119,2.5401,3.5503,3.5631,2.6577,1.6779,2.1335,14.6642,3.2766,3.5580,4.1593
409,409.0000,3.2882,2.4950,1.9759,1.8962,2.6710,1.8735,2.3961,10.6951,3.0007,3.8736,4.1666
410,410.0000,3.3095,2.0697,1.9081,2.2510,2.8219,1.8742,2.1685,7.1571,3.1339,3.6403,4.4097
411,411.0000,3.1260,2.4904,1.8575,1.8868,2.6619,1.8459,2.0723,5.5999,2.7837,3.8650,4.8365
412,412.0000,3.1501,2.6105,3.8716,2.3346,2.5611,1.7012,1.7602,7.5145,2.6926,3.7356,4.1390
413,413.0000,3.1888,2.3283,4.6599,2.2970,2.5692,1.8473,1.9188,7.3328,3.8652,3.9001,4.3882
414,414.0000,2.9884,2.0504,2.5799,2.9807,2.9034,1.7995,1.8781,6.7232,2.9718,3.8008,3.7830
415,415.0000,2.5471,1.6807,1.9355,2.7970,2.5460,2.0178,2.1119,9.4713,6.6974,3.6531,4.4112
416,416.0000,1.7834,1.7643,1.7683,3.3753,2.6828,1.7047,1.8808,10.5503,4.7878,3.6150,4.0508
417,417.0000,1.7687,1.7593,2.3030,2.8042,2.6899,1.7424,1.9484,11.6882,2.9011,3.7808,4.0743
418,418.0000,1.9926,1.9628,1.8244,3.6099,2.8885,1.8386,2.0042,11.5204,3.8884,3.3363,4.1982
419,419.0000,1.7754,1.6629,1.7668,2.0462,2.7095,1.9193,1.9968,5.6131,3.0154,3.7328,4.2420
420,420.0000,1.7220,1.7366,2.1072,2.2250,2.5083,1.8865,1.9877,5.2508,2.6832,3.9974,4.3510
421,421.0000,1.9878,1.8385,1.9711,2.0697,2.7667,1.6938,1.9098,7.7598,2.7279,3.9028,4.3955
422,422.0000,1.8026,1.9403,1.9929,2.0778,2.5178,1.7023,2.1020,6.4015,3.5337,3.8663,4.1062
423,423.0000,1.7460,1.7234,1.8262,2.3663,2.6370,1.8157,1.8974,10.9331,2.7536,3.9518,4.1942
424,424.0000,1.8965,1.8611,2.2268,2.0810,2.4748,2.0033,2.4105,11.3887,2.7339,3.8419,4.3167
425,425.0000,1.7314,1.6072,2.3306,2.3653,2.6804,1.8200,1.9043,8.1064,2.7325,3.9070,4.6786
426,426.0000,1.8024,1.8367,1.8773,2.2461,2.9556,1.9258,2.4860,11.3770,2.8005,3.8063,5.0527
427,427.0000,1.9232,1.7627,1.7797,4.0091,2.4639,1.8339,2.0752,9.3171,2.7612,4.3492,4.3651
428,428.0000,1.6959,1.8392,1.9522,3.6035,2.6322,1.7525,1.8550,9.3441,2.6921,4.0985,4.0174
429,429.0000,2.2881,1.7963,1.9517,3.2916,2.6878,1.6712,1.9763,11.9018,3.0483,3.8113,4.5678
430,430.0000,1.9210,2.0454,1.9711,2.9234,2.7168,1.6750,1.7347,7.5599,2.7100,3.7925,4.0506
431,431.0000,1.8045,1.7224,2.1328,2.8193,2.5594,1.8212,2.0704,9.1606,2.6847,3.9532,4.0527
432,432.0000,1.6880,1.9665,1.8862,4.5089,2.6370,1.7746,2.0918,7.4217,2.7543,3.7682,4.5481
433,433.0000,1.7386,1.7835,1.8556,2.7549,2.6767,1.8186,1.9697,7.8060,2.7847,4.3146,4.5500
434,434.0000,1.8141,1.7034,2.0593,3.7493,2.6820,1.7519,1.8336,8.8189,3.0297,3.4288,3.9212
435,435.0000,2.0496,1.6600,2.1039,3.3731,2.5393,1.7143,2.0190,9.1878,3.0966,3.5755,3.7743
436,436.0000,1.8097,1.7959,1.8749,2.4059,2.6870,1.7179,1.9534,13.8299,3.9026,3.7801,4.3085
437,437.0000,1.7224,1.6980,1.8154,3.9937,2.7288,1.7930,2.2798,13.3336,3.3535,3.8994,4.1236
438,438.0000,2.0251,1.7552,1.8950,2.4964,2.5296,1.8907,2.1894,7.3243,3.8911,4.0058,3.8074
439,439.0000,1.9051,1.7339,1.8376,3.9512,2.8145,1.8186,1.9878,10.0026,3.2888,3.8093,4.2084
440,440.0000,1.6609,1.7320,2.0284,1.9269,2.5743,1.7131,1.9674,8.9919,2.8830,4.1492,4.5818
441,441.0000,2.3096,1.7882,3.7790,4.3080,2.8554,1.7487,2.1015,11.5582,4.0570,4.0675,4.3210
442,442.0000,2.0762,1.6565,3.9999,4.3791,2.5741,1.6628,2.2664,7.7092,3.7700,3.7297,4.4420
443,443.0000,1.8349,1.8663,4.7576,3.6726,2.5532,1.6943,1.9074,6.7143,2.7176,3.8355,4.1841
444,444.0000,1.9864,1.8973,3.7032,3.6916,2.5934,1.9493,1.9590,6.4931,3.4548,3.6945,4.0114
445,445.0000,1.7741,1.8623,3.4815,1.8820,2.8609,1.6771,2.4258,7.8225,4.5917,4.0312,4.1552
446,446.0000,1.7849,1.8901,3.9515,2.4423,2.6897,1.7390,1.9599,10.9666,4.2600,3.7913,4.1812
447,447.0000,1.6895,1.8108,3.0893,2.4162,2.7265,1.7656,2.2799,8.5802,4.0122,3.9304,4.1500
448,448.0000,1.6977,1.7375,4.2353,3.3609,2.6566,1.9500,2.4143,13.4314,2.9966,3.9303,4.1493
449,449.0000,1.8606,1.9175,3.7336,1.9157,2.6303,1.7553,1.9954,8.9983,2.7121,3.8462,4.9046
450,450.0000,1.9222,1.7611,3.4607,3.0306,2.5560,1.6972,1.8070,7.5807,3.0495,3.4721,4.5681
451,451.0000,1.7608,1.9101,4.0889,2.2881,2.6084,1.7069,2.1829,7.7917,4.2900,4.1809,4.3331
452,452.0000,1.8324,1.9221,3.0108,2.5541,2.6356,1.8192,2.0142,7.3079,2.8765,3.7730,4.5113
453,453.0000,1.7288,1.9844,3.1741,1.9756,2.6712,1.8824,1.8535,6.8554,3.0901,3.9031,4.3881
454,454.0000,1.7561,1.6776,3.8093,1.9668,2.4948,1.7367,2.0095,10.2570,2.9322,3.6560,4.9351
455,455.0000,1.7206,1.7049,4.1253,5.3365,2.7116,2.0831,1.8638,12.0582,2.7367,4.0597,4.6296
456,456.0000,1.8649,1.8662,3.5453,4.8060,3.0444,1.7065,2.2623,12.3770,3.2479,3.7336,3.8390
457,457.0000,1.7243,1.7594,2.0850,4.4509,2.7612,1.7722,1.7962,10.9394,2.7272,4.5188,3.8605
458,458.0000,1.7672,1.8918,1.6936,4.2919,2.7934,1.7098,1.8009,8.9423,3.0345,4.0631,4.4481
459,459.0000,1.9580,1.9163,1.7823,4.2550,2.7332,1.6744,2.2128,10.9808,2.9970,3.7214,4.0691
460,460.0000,1.6618,1.6258,1.8537,4.5372,2.7979,2.0685,2.1193,7.1951,2.8857,3.5345,4.4709
461,461.0000,1.8195,1.8098,1.9471,4.2415,2.6598,1.7510,2.3490,13.6973,2.8272,4.0207,4.4877
462,462.0000,1.8080,1.7211,1.9429,3.9499,2.8508,1.8259,1.7613,9.7419,2.6651,3.9537,4.0438
463,463.0000,1.7883,1.7401,1.9209,5.8000,2.7106,1.8275,1.8599,10.4638,4.2429,4.1784,4.1099
464,464.0000,1.6021,1.8378,1.8232,4.4036,2.5493,1.9262,2.1875,11.4549,3.9126,3.7533,4.3671
465,465.0000,1.8430,1.8887,1.9589,4.3806,2.5062,1.6861,2.1568,10.2712,2.6881,3.9726,4.2594
466,466.0000,1.9619,1.6157,3.6296,4.9140,2.6426,1.8437,2.4306,11.7977,4.4075,5.2575,4.7270
467,467.0000,1.7742,1.9233,1.8134,4.2129,2.5841,1.7633,2.5560,12.0846,3.9747,3.9399,4.2068
468,468.0000,1.8983,1.8408,2.2633,3.5804,2.5943,1.7713,1.8052,8.9886,4.7501,3.8532,4.1455
469,469.0000,2.6906,3.0183,2.2957,5.0905,2.6285,1.6184,2.0504,9.8989,2.9570,4.4253,4.9283
470,470.0000,2.8152,1.8857,1.9194,5.2765,2.8587,1.8811,1.8303,8.5861,2.8702,3.7698,4.2616
471,471.0000,1.8402,1.7743,2.1043,5.0621,2.5932,1.9892,2.1723,7.2916,3.7837,3.7628,4.2131
472,472.0000,1.8410,1.7985,1.8721,5.0053,2.6303,2.5003,1.9896,7.5483,3.6484,3.5228,4.1612
473,473.0000,3.6613,2.4128,3.4722,4.6496,2.5846,1.8503,1.9472,6.7726,3.4669,4.1130,4.1489
474,474.0000,3.4255,2.4038,1.8941,4.8507,2.7635,1.8097,2.3641,8.2282,4.0438,4.1387,4.5080
475,475.0000,1.8986,1.8808,2.0569,4.5910,2.5803,1.7877,2.5326,7.5414,3.4619,3.8774,3.7985
476,476.0000,2.7426,1.7790,1.7816,4.9759,2.4827,1.8659,1.6886,8.0029,4.7514,3.6551,4.4099
477,477.0000,2.1075,2.9161,2.0830,5.2225,2.8372,1.8600,1.8509,8.6073,4.4095,3.7412,4.1561
478,478.0000,4.3582,1.8477,1.9098,5.6961,2.6805,1.9515,1.9036,9.6070,3.1278,3.6273,4.2686
479,479.0000,3.3396,1.8588,2.2533,5.1233,2.7415,1.8902,1.7934,8.7152,3.6106,3.6829,4.5577
480,480.0000,1.9073,3.3175,1.7796,4.7038,2.6643,1.7588,1.7509,7.4070,3.5910,3.5405,4.1160
481,481.0000,3.2774,1.9278,1.8763,5.7215,2.7462,1.7521,1.8650,11.6626,2.9587,3.9017,4.3724
482,482.0000,2.9691,1.8404,1.6886,4.5095,2.5313,1.9043,1.8154,9.9946,3.7410,3.8709,4.6262
483,483.0000,3.3708,1.9871,1.7182,4.3706,2.8276,2.1180,1.7895,11.0249,3.4402,3.9343,4.1646
484,484.0000,3.0352,1.9441,2.1903,4.7527,2.6171,1.9229,1.8000,12.9731,2.8781,3.7845,3.9332
485,485.0000,3.2760,2.1485,1.9057,4.8495,2.6859,1.7480,1.6921,9.5626,4.0189,3.5501,4.2837
486,486.0000,3.4731,1.9008,2.5854,5.2073,2.4869,1.9020,1.9335,9.0454,2.9495,4.0195,4.1557
487,487.0000,1.7945,3.7037,1.8132,4.8534,3.0415,1.9476,1.8064,9.7256,2.7428,3.7180,4.1329
488,488.0000,3.6580,1.7386,2.1361,5.4645,2.5450,1.9011,1.8710,8.7951,2.8013,3.8464,4.5147
489,489.0000,3.4010,1.8019,1.7538,5.3186,2.6934,1.9800,1.7109,11.2198,3.5485,3.8685,4.4385
490,490.0000,1.8967,3.5216,1.8587,4.6394,2.6153,1.9415,1.9484,7.4237,3.3482,3.7354,4.6049
491,491.0000,2.8728,2.0655,2.0022,5.0202,2.8163,1.9977,1.9608,10.4075,3.9022,3.5856,4.1853
492,492.0000,2.0428,2.2844,3.9996,5.1846,2.6774,1.9979,2.1584,8.1139,3.5450,3.7398,4.0649
493,493.0000,5.0032,3.4958,3.2980,6.0978,2.7063,1.8561,2.0855,8.1041,3.9314,3.8780,3.9129
494,494.0000,2.8625,2.4177,4.3924,4.9319,2.5077,2.1145,1.9453,7.9552,3.9412,3.5498,3.9038
495,495.0000,1.9629,3.5597,4.2683,4.8921,2.6380,1.9163,1.8765,8.0816,4.6737,4.0659,4.1460
496,496.0000,1.7661,1.7701,4.0708,5.3581,2.7757,2.1311,1.9662,7.8029,4.6283,3.5375,3.6630
497,497.0000,1.7211,2.1357,1.8419,5.3936,2.6174,1.9152,2.0774,9.9800,3.9083,3.9267,4.5050
498,498.0000,1.8991,1.8110,3.7304,4.6906,2.7341,1.8995,2.0033,10.2261,3.5286,3.7424,3.7784
499,499.0000,2.3082,1.7892,2.0262,5.2758,2.4456,1.6801,1.8842,7.2320,4.6488,3.8186,3.4827
500,500.0000,1.8064,1.8626,1.8490,5.1752,2.6488,1.7216,1.9206,6.9362,3.6981,3.5542,4.0419
