observable,replica,n,mean,std,min,max
d_D20OD1_R414HH12,rep1,1000,2.7708,0.2397,1.9556,3.5921
d_D20OD1_R414HH12,rep2,1000,2.7708,0.2397,1.9556,3.5921
d_D20OD1_R414HH12,rep3,1000,2.7708,0.2397,1.9556,3.5921
d_D20OD2_R414HH22,rep1,1000,3.0501,0.2343,2.3059,3.8175
d_D20OD2_R414HH22,rep2,1000,3.0501,0.2343,2.3059,3.8175
d_D20OD2_R414HH22,rep3,1000,3.0501,0.2343,2.3059,3.8175
d_D16OD1_R414HH21,rep1,1000,2.0869,0.1972,1.6671,2.9470
d_D16OD1_R414HH21,rep2,1000,2.0869,0.1972,1.6671,2.9470
d_D16OD1_R414HH21,rep3,1000,2.0869,0.1972,1.6671,2.9470
d_Y115OH_R414HH11,rep1,1000,3.0355,0.2582,2.3870,4.0496
d_Y115OH_R414HH11,rep2,1000,3.0355,0.2582,2.3870,4.0496
d_Y115OH_R414HH11,rep3,1000,3.0355,0.2582,2.3870,4.0496
d_TRH_O2P_S272OG,rep1,1000,3.5140,1.1372,2.3897,5.4395
d_TRH_O2P_S272OG,rep2,1000,3.5140,1.1372,2.3897,5.4395
d_TRH_O2P_S272OG,rep3,1000,3.5140,1.1372,2.3897,5.4395
d_TRH_O4P_R268HH21,rep1,1000,3.5747,0.5107,2.2961,5.3385
d_TRH_O4P_R268HH21,rep2,1000,3.5747,0.5107,2.2961,5.3385
d_TRH_O4P_R268HH21,rep3,1000,3.5747,0.5107,2.2961,5.3385
d_TRH_O3P_R268HE,rep1,1000,2.8017,0.9242,1.5830,5.3438
d_TRH_O3P_R268HE,rep2,1000,2.8017,0.9242,1.5830,5.3438
d_TRH_O3P_R268HE,rep3,1000,2.8017,0.9242,1.5830,5.3438
d_TRH_F249,rep1,1000,8.4263,0.3907,7.5138,9.8622
d_TRH_F249,rep2,1000,8.4263,0.3907,7.5138,9.8622
d_TRH_F249,rep3,1000,8.4263,0.3907,7.5138,9.8622
d_TRH_F255,rep1,1000,7.5475,0.2813,6.7269,8.6651
d_TRH_F255,rep2,1000,7.5475,0.2813,6.7269,8.6651
d_TRH_F255,rep3,1000,7.5475,0.2813,6.7269,8.6651
