observable,replica_a,replica_b,overlap,delta_mean,diverges
d_D20OD1_R414HH12,rep1,rep2,1.0000,0.0000,False
d_D20OD1_R414HH12,rep1,rep3,1.0000,0.0000,False
d_D20OD1_R414HH12,rep2,rep3,1.0000,0.0000,False
d_D20OD2_R414HH22,rep1,rep2,1.0000,0.0000,False
d_D20OD2_R414HH22,rep1,rep3,1.0000,0.0000,False
d_D20OD2_R414HH22,rep2,rep3,1.0000,0.0000,False
d_D16OD1_R414HH21,rep1,rep2,1.0000,0.0000,False
d_D16OD1_R414HH21,rep1,rep3,1.0000,0.0000,False
d_D16OD1_R414HH21,rep2,rep3,1.0000,0.0000,False
d_Y115OH_R414HH11,rep1,rep2,1.0000,0.0000,False
d_Y115OH_R414HH11,rep1,rep3,1.0000,0.0000,False
d_Y115OH_R414HH11,rep2,rep3,1.0000,0.0000,False
d_TRH_O2P_S272OG,rep1,rep2,1.0000,0.0000,False
d_TRH_O2P_S272OG,rep1,rep3,1.0000,0.0000,False
d_TRH_O2P_S272OG,rep2,rep3,1.0000,0.0000,False
d_TRH_O4P_R268HH21,rep1,rep2,1.0000,0.0000,False
d_TRH_O4P_R268HH21,rep1,rep3,1.0000,0.0000,False
d_TRH_O4P_R268HH21,rep2,rep3,1.0000,0.0000,False
d_TRH_O3P_R268HE,rep1,rep2,1.0000,0.0000,False
d_TRH_O3P_R268HE,rep1,rep3,1.0000,0.0000,False
d_TRH_O3P_R268HE,rep2,rep3,1.0000,0.0000,False
d_TRH_F249,rep1,rep2,1.0000,0.0000,False
d_TRH_F249,rep1,rep3,1.0000,0.0000,False
d_TRH_F249,rep2,rep3,1.0000,0.0000,False
d_TRH_F255,rep1,rep2,1.0000,0.0000,False
d_TRH_F255,rep1,rep3,1.0000,0.0000,False
d_TRH_F255,rep2,rep3,1.0000,0.0000,False
