analysis,observable,unit,n_frames,mean,std,min,max,definition,threshold,frames_below_threshold_%
distances,d_D20OD1_R414HH12,Å,3000,2.7708,0.2396,1.9556,3.5921,D20:OD1 - R414:HH12,2.5000,12.2000
distances,d_D20OD2_R414HH22,Å,3000,3.0501,0.2342,2.3059,3.8175,D20:OD2 - R414:HH22,2.5000,0.6000
distances,d_D16OD1_R414HH21,Å,3000,2.0869,0.1971,1.6671,2.9470,D16:OD1 - R414:HH21,2.5000,96.4000
distances,d_Y115OH_R414HH11,Å,3000,3.0355,0.2582,2.3870,4.0496,Y115:OH - R414:HH11,2.5000,1.2000
distances,d_TRH_O2P_S272OG,Å,3000,3.5140,1.1368,2.3897,5.4395,TRH:O2P - S272:OG,3.5000,64.3000
distances,d_TRH_O4P_R268HH21,Å,3000,3.5747,0.5106,2.2961,5.3385,TRH:O4P - R268:HH21,2.5000,0.5000
distances,d_TRH_O3P_R268HE,Å,3000,2.8017,0.9239,1.5830,5.3438,TRH:O3P - R268:HE,2.5000,52.9000
distances,d_TRH_F249,Å,3000,8.4263,0.3905,7.5138,9.8622,TRH (COM) - F249 (anillo),,
distances,d_TRH_F255,Å,3000,7.5475,0.2812,6.7269,8.6651,TRH (COM) - F255 (anillo),,
