analysis,observable,unit,n_frames,mean,std,min,max,definition,threshold,frames_below_threshold_%,occupancy_pct,first_peak_r,first_peak_g
distances,d_OD1_HH12,Å,1000,5.0723,0.2464,3.7188,5.8179,Asp20 OD1 ··· HH12,3.5000,0.0000,,,
distances,d_OD2_HH12,Å,1000,2.9695,0.2260,1.6677,3.6490,Asp20 OD2 ··· HH12,2.5000,2.6000,,,
distances,d_HH12_NH1,Å,1000,4.9806,0.2906,4.1977,6.9260,HH12 – Arg414 NH1 (enlace original),1.2000,0.0000,,,
distances,d_HH12_Ow,Å,1000,0.9745,0.0232,0.9067,1.0421,HH12 – WAT24244 O (enlace actual),1.2000,100.0000,,,
distances,d_saltbridge,Å,1000,4.4225,0.3364,3.0616,5.7689,min d(COO⁻ ··· guanidinio),4.0000,10.2000,,,
distances,d_OD2_NH2,Å,1000,4.4225,0.3364,3.0616,5.7689,Asp20 OD2 ··· Arg414 NH2,3.5000,1.0000,,,
distances,d_OD1_NH1,Å,1000,6.3367,0.3612,4.9623,7.4476,Asp20 OD1 ··· Arg414 NH1,3.5000,0.0000,,,
distances,d_CG_CZ,Å,1000,5.9962,0.3393,4.7988,6.7947,Asp20 CG ··· Arg414 CZ,,,,,
distances,d_Ow_OD2,Å,1000,2.7350,0.1235,2.4087,3.4253,WAT24244 O ··· Asp20 OD2,3.5000,100.0000,,,
distances,d_OD1_TYR115,Å,1000,2.7113,0.1319,2.4004,3.6207,Asp20 OD1 ··· Tyr115 OH,3.5000,99.8000,,,
distances,d_OD1_water,Å,1000,2.6593,0.0887,2.4150,3.2114,Asp20 OD1 ··· agua más cercana,3.2000,99.9000,,,
distances,d_TRH_C1_O1,Å,1000,3.1952,0.1906,2.6143,3.8020,TRH453 C1–O1 (enlace del prmtop),1.8000,0.0000,,,
angles,a_Ow_H2_OD2,°,1000,152.9834,16.3167,56.0544,179.0277,O–H2···OD2 (puente de agua),,,,,
angles,a_Ow_HH12_OD2,°,1000,66.8533,12.9651,36.0682,166.8398,O–HH12···OD2 (orientación del protón),,,,,
rmsd,backbone,Å,1000,0.8543,0.1584,0.0000,1.0662,backbone,,,,,
rmsd,pair_sidechains,Å,1000,0.6379,0.2015,0.0000,1.1494,PAIR_SIDECHAINS (fit: backbone),,,,,
rmsf,rmsf_per_residue,Å,452,0.5166,0.1819,0.3119,2.4677,protein and name CA,,,,,
hbonds,hb_NH1_HH12_OD1,Å,1000,6.3367,0.3612,4.9623,7.4476,d(D–A) Arg414 NH1–HH12 ··· Asp20 OD1 (definición nominal),,,0.0000,,
hbonds,hb_NH1_HH12_OD1_angle,°,1000,78.2705,5.6579,60.6872,102.8485,∠(D–H···A) Arg414 NH1–HH12 ··· Asp20 OD1 (definición nominal),,,,,
hbonds,hb_water_OD2,Å,1000,2.7350,0.1235,2.4087,3.4253,d(D–A) WAT24244 O–H2 ··· Asp20 OD2,,,64.5000,,
hbonds,hb_water_OD2_angle,°,1000,152.9834,16.3167,56.0544,179.0277,∠(D–H···A) WAT24244 O–H2 ··· Asp20 OD2,,,,,
hbonds,hb_HH12_OD2,Å,1000,2.7350,0.1235,2.4087,3.4253,d(D–A) WAT24244 O–HH12 ··· Asp20 OD2,,,0.5000,,
hbonds,hb_HH12_OD2_angle,°,1000,66.8533,12.9651,36.0682,166.8398,∠(D–H···A) WAT24244 O–HH12 ··· Asp20 OD2,,,,,
hbonds,hb_HH12_ASP16,Å,1000,2.8733,0.1613,2.5817,3.7655,d(D–A) WAT24244 O–HH12 ··· Asp16 O,,,64.1000,,
hbonds,hb_HH12_ASP16_angle,°,1000,153.0546,16.1123,82.8233,179.0355,∠(D–H···A) WAT24244 O–HH12 ··· Asp16 O,,,,,
hbonds,hb_TYR115_OD1,Å,1000,2.7113,0.1319,2.4004,3.6207,d(D–A) Tyr115 OH–HH ··· Asp20 OD1,,,85.1000,,
hbonds,hb_TYR115_OD1_angle,°,1000,159.1780,9.1715,114.6043,178.4314,∠(D–H···A) Tyr115 OH–HH ··· Asp20 OD1,,,,,
rdf,rdf_OD1_water,Å,1000,2.6500,,0.0000,12.0000,g(r) ASP20_OD1 – WATER_O,,,,2.6500,2.7774
rdf,rdf_OD2_water,Å,1000,2.6500,,0.0000,12.0000,g(r) ASP20_OD2 – WATER_O,,,,2.6500,2.8447
clustering,cluster_2,Å,592,0.2237,,0.0000,0.4894,"59.2% of frames, representative frame 11",,,,,
clustering,cluster_1,Å,407,0.2236,,0.0000,0.4959,"40.7% of frames, representative frame 903",,,,,
clustering,cluster_3,Å,1,0.0000,,0.0000,0.0000,"0.1% of frames, representative frame 621",,,,,
